Image_Path,Semantic_Label_Path,Image_Label,Image_label
F3_Block/data/train/images/0.png,F3_Block/data/train/labels/0.png,0,0
F3_Block/data/train/images/1.png,F3_Block/data/train/labels/1.png,1,0
F3_Block/data/train/images/10.png,F3_Block/data/train/labels/10.png,10,2
F3_Block/data/train/images/100.png,F3_Block/data/train/labels/100.png,100,21
F3_Block/data/train/images/101.png,F3_Block/data/train/labels/101.png,101,21
F3_Block/data/train/images/102.png,F3_Block/data/train/labels/102.png,102,21
F3_Block/data/train/images/103.png,F3_Block/data/train/labels/103.png,103,22
F3_Block/data/train/images/104.png,F3_Block/data/train/labels/104.png,104,22
F3_Block/data/train/images/105.png,F3_Block/data/train/labels/105.png,105,22
F3_Block/data/train/images/106.png,F3_Block/data/train/labels/106.png,106,22
F3_Block/data/train/images/107.png,F3_Block/data/train/labels/107.png,107,22
F3_Block/data/train/images/108.png,F3_Block/data/train/labels/108.png,108,23
F3_Block/data/train/images/109.png,F3_Block/data/train/labels/109.png,109,23
F3_Block/data/train/images/11.png,F3_Block/data/train/labels/11.png,11,2
F3_Block/data/train/images/110.png,F3_Block/data/train/labels/110.png,110,23
F3_Block/data/train/images/111.png,F3_Block/data/train/labels/111.png,111,23
F3_Block/data/train/images/112.png,F3_Block/data/train/labels/112.png,112,23
F3_Block/data/train/images/113.png,F3_Block/data/train/labels/113.png,113,24
F3_Block/data/train/images/114.png,F3_Block/data/train/labels/114.png,114,24
F3_Block/data/train/images/115.png,F3_Block/data/train/labels/115.png,115,24
F3_Block/data/train/images/270.png,F3_Block/data/train/labels/270.png,270,57
F3_Block/data/train/images/271.png,F3_Block/data/train/labels/271.png,271,58
F3_Block/data/train/images/272.png,F3_Block/data/train/labels/272.png,272,58
F3_Block/data/train/images/273.png,F3_Block/data/train/labels/273.png,273,58
F3_Block/data/train/images/274.png,F3_Block/data/train/labels/274.png,274,58
F3_Block/data/train/images/275.png,F3_Block/data/train/labels/275.png,275,58
F3_Block/data/train/images/276.png,F3_Block/data/train/labels/276.png,276,59
F3_Block/data/train/images/277.png,F3_Block/data/train/labels/277.png,277,59
F3_Block/data/train/images/278.png,F3_Block/data/train/labels/278.png,278,59
F3_Block/data/train/images/279.png,F3_Block/data/train/labels/279.png,279,59
F3_Block/data/train/images/28.png,F3_Block/data/train/labels/28.png,28,5
F3_Block/data/train/images/280.png,F3_Block/data/train/labels/280.png,280,59
F3_Block/data/train/images/281.png,F3_Block/data/train/labels/281.png,281,60
F3_Block/data/train/images/282.png,F3_Block/data/train/labels/282.png,282,60
F3_Block/data/train/images/283.png,F3_Block/data/train/labels/283.png,283,60
F3_Block/data/train/images/284.png,F3_Block/data/train/labels/284.png,284,60
F3_Block/data/train/images/285.png,F3_Block/data/train/labels/285.png,285,61
F3_Block/data/train/images/286.png,F3_Block/data/train/labels/286.png,286,61
F3_Block/data/train/images/287.png,F3_Block/data/train/labels/287.png,287,61
F3_Block/data/train/images/288.png,F3_Block/data/train/labels/288.png,288,61
F3_Block/data/train/images/460.png,F3_Block/data/train/labels/460.png,460,98
F3_Block/data/train/images/461.png,F3_Block/data/train/labels/461.png,461,98
F3_Block/data/train/images/462.png,F3_Block/data/train/labels/462.png,462,98
F3_Block/data/train/images/463.png,F3_Block/data/train/labels/463.png,463,99
F3_Block/data/train/images/464.png,F3_Block/data/train/labels/464.png,464,99
F3_Block/data/train/images/465.png,F3_Block/data/train/labels/465.png,465,99
F3_Block/data/train/images/466.png,F3_Block/data/train/labels/466.png,466,99
F3_Block/data/train/images/467.png,F3_Block/data/train/labels/467.png,467,100
F3_Block/data/train/images/468.png,F3_Block/data/train/labels/468.png,468,100
F3_Block/data/train/images/469.png,F3_Block/data/train/labels/469.png,469,100
F3_Block/data/train/images/47.png,F3_Block/data/train/labels/47.png,47,10
F3_Block/data/train/images/470.png,F3_Block/data/train/labels/470.png,470,100
F3_Block/data/train/images/471.png,F3_Block/data/train/labels/471.png,471,100
F3_Block/data/train/images/472.png,F3_Block/data/train/labels/472.png,472,101
F3_Block/data/train/images/473.png,F3_Block/data/train/labels/473.png,473,101
F3_Block/data/train/images/474.png,F3_Block/data/train/labels/474.png,474,101
F3_Block/data/train/images/475.png,F3_Block/data/train/labels/475.png,475,101
F3_Block/data/train/images/476.png,F3_Block/data/train/labels/476.png,476,101
F3_Block/data/train/images/477.png,F3_Block/data/train/labels/477.png,477,102
F3_Block/data/train/images/478.png,F3_Block/data/train/labels/478.png,478,102
F3_Block/data/train/images/650.png,F3_Block/data/train/labels/650.png,650,139
F3_Block/data/train/images/651.png,F3_Block/data/train/labels/651.png,651,139
F3_Block/data/train/images/652.png,F3_Block/data/train/labels/652.png,652,139
F3_Block/data/train/images/653.png,F3_Block/data/train/labels/653.png,653,139
F3_Block/data/train/images/654.png,F3_Block/data/train/labels/654.png,654,140
F3_Block/data/train/images/655.png,F3_Block/data/train/labels/655.png,655,140
F3_Block/data/train/images/656.png,F3_Block/data/train/labels/656.png,656,140
F3_Block/data/train/images/657.png,F3_Block/data/train/labels/657.png,657,140
F3_Block/data/train/images/658.png,F3_Block/data/train/labels/658.png,658,140
F3_Block/data/train/images/659.png,F3_Block/data/train/labels/659.png,659,141
F3_Block/data/train/images/66.png,F3_Block/data/train/labels/66.png,66,14
F3_Block/data/train/images/660.png,F3_Block/data/train/labels/660.png,660,141
F3_Block/data/train/images/661.png,F3_Block/data/train/labels/661.png,661,141
F3_Block/data/train/images/662.png,F3_Block/data/train/labels/662.png,662,141
F3_Block/data/train/images/663.png,F3_Block/data/train/labels/663.png,663,142
F3_Block/data/train/images/664.png,F3_Block/data/train/labels/664.png,664,142
F3_Block/data/train/images/665.png,F3_Block/data/train/labels/665.png,665,142
F3_Block/data/train/images/666.png,F3_Block/data/train/labels/666.png,666,142
F3_Block/data/train/images/667.png,F3_Block/data/train/labels/667.png,667,142
F3_Block/data/train/images/668.png,F3_Block/data/train/labels/668.png,668,143
F3_Block/data/train/images/117.png,F3_Block/data/train/labels/117.png,117,25
F3_Block/data/train/images/118.png,F3_Block/data/train/labels/118.png,118,25
F3_Block/data/train/images/119.png,F3_Block/data/train/labels/119.png,119,25
F3_Block/data/train/images/12.png,F3_Block/data/train/labels/12.png,12,2
F3_Block/data/train/images/120.png,F3_Block/data/train/labels/120.png,120,25
F3_Block/data/train/images/121.png,F3_Block/data/train/labels/121.png,121,25
F3_Block/data/train/images/122.png,F3_Block/data/train/labels/122.png,122,26
F3_Block/data/train/images/123.png,F3_Block/data/train/labels/123.png,123,26
F3_Block/data/train/images/124.png,F3_Block/data/train/labels/124.png,124,26
F3_Block/data/train/images/125.png,F3_Block/data/train/labels/125.png,125,26
F3_Block/data/train/images/126.png,F3_Block/data/train/labels/126.png,126,26
F3_Block/data/train/images/127.png,F3_Block/data/train/labels/127.png,127,27
F3_Block/data/train/images/128.png,F3_Block/data/train/labels/128.png,128,27
F3_Block/data/train/images/129.png,F3_Block/data/train/labels/129.png,129,27
F3_Block/data/train/images/13.png,F3_Block/data/train/labels/13.png,13,2
F3_Block/data/train/images/130.png,F3_Block/data/train/labels/130.png,130,27
F3_Block/data/train/images/131.png,F3_Block/data/train/labels/131.png,131,28
F3_Block/data/train/images/132.png,F3_Block/data/train/labels/132.png,132,28
F3_Block/data/train/images/133.png,F3_Block/data/train/labels/133.png,133,28
F3_Block/data/train/images/134.png,F3_Block/data/train/labels/134.png,134,28
F3_Block/data/train/images/116.png,F3_Block/data/train/labels/116.png,116,24
F3_Block/data/train/images/135.png,F3_Block/data/train/labels/135.png,135,28
F3_Block/data/train/images/154.png,F3_Block/data/train/labels/154.png,154,32
F3_Block/data/train/images/173.png,F3_Block/data/train/labels/173.png,173,37
F3_Block/data/train/images/192.png,F3_Block/data/train/labels/192.png,192,41
F3_Block/data/train/images/210.png,F3_Block/data/train/labels/210.png,210,44
F3_Block/data/train/images/23.png,F3_Block/data/train/labels/23.png,23,4
F3_Block/data/train/images/249.png,F3_Block/data/train/labels/249.png,249,53
F3_Block/data/train/images/27.png,F3_Block/data/train/labels/27.png,27,5
F3_Block/data/train/images/289.png,F3_Block/data/train/labels/289.png,289,61
F3_Block/data/train/images/307.png,F3_Block/data/train/labels/307.png,307,65
F3_Block/data/train/images/326.png,F3_Block/data/train/labels/326.png,326,69
F3_Block/data/train/images/345.png,F3_Block/data/train/labels/345.png,345,73
F3_Block/data/train/images/364.png,F3_Block/data/train/labels/364.png,364,77
F3_Block/data/train/images/383.png,F3_Block/data/train/labels/383.png,383,82
F3_Block/data/train/images/401.png,F3_Block/data/train/labels/401.png,401,85
F3_Block/data/train/images/420.png,F3_Block/data/train/labels/420.png,420,89
F3_Block/data/train/images/44.png,F3_Block/data/train/labels/44.png,44,9
F3_Block/data/train/images/46.png,F3_Block/data/train/labels/46.png,46,9
F3_Block/data/train/images/479.png,F3_Block/data/train/labels/479.png,479,102
F3_Block/data/train/images/498.png,F3_Block/data/train/labels/498.png,498,106
F3_Block/data/train/images/516.png,F3_Block/data/train/labels/516.png,516,110
F3_Block/data/train/images/535.png,F3_Block/data/train/labels/535.png,535,114
F3_Block/data/train/images/554.png,F3_Block/data/train/labels/554.png,554,118
F3_Block/data/train/images/573.png,F3_Block/data/train/labels/573.png,573,122
F3_Block/data/train/images/592.png,F3_Block/data/train/labels/592.png,592,126
F3_Block/data/train/images/610.png,F3_Block/data/train/labels/610.png,610,130
F3_Block/data/train/images/63.png,F3_Block/data/train/labels/63.png,63,13
F3_Block/data/train/images/65.png,F3_Block/data/train/labels/65.png,65,13
F3_Block/data/train/images/669.png,F3_Block/data/train/labels/669.png,669,143
F3_Block/data/train/images/688.png,F3_Block/data/train/labels/688.png,688,147
F3_Block/data/train/images/80.png,F3_Block/data/train/labels/80.png,80,17
F3_Block/data/train/images/136.png,F3_Block/data/train/labels/136.png,136,29
F3_Block/data/train/images/137.png,F3_Block/data/train/labels/137.png,137,29
F3_Block/data/train/images/138.png,F3_Block/data/train/labels/138.png,138,29
F3_Block/data/train/images/139.png,F3_Block/data/train/labels/139.png,139,29
F3_Block/data/train/images/14.png,F3_Block/data/train/labels/14.png,14,2
F3_Block/data/train/images/140.png,F3_Block/data/train/labels/140.png,140,29
F3_Block/data/train/images/141.png,F3_Block/data/train/labels/141.png,141,30
F3_Block/data/train/images/142.png,F3_Block/data/train/labels/142.png,142,30
F3_Block/data/train/images/143.png,F3_Block/data/train/labels/143.png,143,30
F3_Block/data/train/images/144.png,F3_Block/data/train/labels/144.png,144,30
F3_Block/data/train/images/145.png,F3_Block/data/train/labels/145.png,145,31
F3_Block/data/train/images/146.png,F3_Block/data/train/labels/146.png,146,31
F3_Block/data/train/images/147.png,F3_Block/data/train/labels/147.png,147,31
F3_Block/data/train/images/148.png,F3_Block/data/train/labels/148.png,148,31
F3_Block/data/train/images/149.png,F3_Block/data/train/labels/149.png,149,31
F3_Block/data/train/images/15.png,F3_Block/data/train/labels/15.png,15,3
F3_Block/data/train/images/150.png,F3_Block/data/train/labels/150.png,150,32
F3_Block/data/train/images/151.png,F3_Block/data/train/labels/151.png,151,32
F3_Block/data/train/images/152.png,F3_Block/data/train/labels/152.png,152,32
F3_Block/data/train/images/153.png,F3_Block/data/train/labels/153.png,153,32
F3_Block/data/train/images/155.png,F3_Block/data/train/labels/155.png,155,33
F3_Block/data/train/images/156.png,F3_Block/data/train/labels/156.png,156,33
F3_Block/data/train/images/157.png,F3_Block/data/train/labels/157.png,157,33
F3_Block/data/train/images/158.png,F3_Block/data/train/labels/158.png,158,33
F3_Block/data/train/images/159.png,F3_Block/data/train/labels/159.png,159,34
F3_Block/data/train/images/16.png,F3_Block/data/train/labels/16.png,16,3
F3_Block/data/train/images/160.png,F3_Block/data/train/labels/160.png,160,34
F3_Block/data/train/images/161.png,F3_Block/data/train/labels/161.png,161,34
F3_Block/data/train/images/162.png,F3_Block/data/train/labels/162.png,162,34
F3_Block/data/train/images/163.png,F3_Block/data/train/labels/163.png,163,34
F3_Block/data/train/images/164.png,F3_Block/data/train/labels/164.png,164,35
F3_Block/data/train/images/165.png,F3_Block/data/train/labels/165.png,165,35
F3_Block/data/train/images/166.png,F3_Block/data/train/labels/166.png,166,35
F3_Block/data/train/images/167.png,F3_Block/data/train/labels/167.png,167,35
F3_Block/data/train/images/168.png,F3_Block/data/train/labels/168.png,168,35
F3_Block/data/train/images/169.png,F3_Block/data/train/labels/169.png,169,36
F3_Block/data/train/images/17.png,F3_Block/data/train/labels/17.png,17,3
F3_Block/data/train/images/170.png,F3_Block/data/train/labels/170.png,170,36
F3_Block/data/train/images/171.png,F3_Block/data/train/labels/171.png,171,36
F3_Block/data/train/images/172.png,F3_Block/data/train/labels/172.png,172,36
F3_Block/data/train/images/174.png,F3_Block/data/train/labels/174.png,174,37
F3_Block/data/train/images/175.png,F3_Block/data/train/labels/175.png,175,37
F3_Block/data/train/images/176.png,F3_Block/data/train/labels/176.png,176,37
F3_Block/data/train/images/177.png,F3_Block/data/train/labels/177.png,177,37
F3_Block/data/train/images/178.png,F3_Block/data/train/labels/178.png,178,38
F3_Block/data/train/images/179.png,F3_Block/data/train/labels/179.png,179,38
F3_Block/data/train/images/18.png,F3_Block/data/train/labels/18.png,18,3
F3_Block/data/train/images/180.png,F3_Block/data/train/labels/180.png,180,38
F3_Block/data/train/images/181.png,F3_Block/data/train/labels/181.png,181,38
F3_Block/data/train/images/182.png,F3_Block/data/train/labels/182.png,182,38
F3_Block/data/train/images/183.png,F3_Block/data/train/labels/183.png,183,39
F3_Block/data/train/images/184.png,F3_Block/data/train/labels/184.png,184,39
F3_Block/data/train/images/185.png,F3_Block/data/train/labels/185.png,185,39
F3_Block/data/train/images/186.png,F3_Block/data/train/labels/186.png,186,39
F3_Block/data/train/images/187.png,F3_Block/data/train/labels/187.png,187,40
F3_Block/data/train/images/188.png,F3_Block/data/train/labels/188.png,188,40
F3_Block/data/train/images/189.png,F3_Block/data/train/labels/189.png,189,40
F3_Block/data/train/images/19.png,F3_Block/data/train/labels/19.png,19,4
F3_Block/data/train/images/190.png,F3_Block/data/train/labels/190.png,190,40
F3_Block/data/train/images/191.png,F3_Block/data/train/labels/191.png,191,40
F3_Block/data/train/images/193.png,F3_Block/data/train/labels/193.png,193,41
F3_Block/data/train/images/194.png,F3_Block/data/train/labels/194.png,194,41
F3_Block/data/train/images/195.png,F3_Block/data/train/labels/195.png,195,41
F3_Block/data/train/images/196.png,F3_Block/data/train/labels/196.png,196,41
F3_Block/data/train/images/197.png,F3_Block/data/train/labels/197.png,197,42
F3_Block/data/train/images/198.png,F3_Block/data/train/labels/198.png,198,42
F3_Block/data/train/images/199.png,F3_Block/data/train/labels/199.png,199,42
F3_Block/data/train/images/2.png,F3_Block/data/train/labels/2.png,2,0
F3_Block/data/train/images/20.png,F3_Block/data/train/labels/20.png,20,4
F3_Block/data/train/images/200.png,F3_Block/data/train/labels/200.png,200,42
F3_Block/data/train/images/201.png,F3_Block/data/train/labels/201.png,201,43
F3_Block/data/train/images/202.png,F3_Block/data/train/labels/202.png,202,43
F3_Block/data/train/images/203.png,F3_Block/data/train/labels/203.png,203,43
F3_Block/data/train/images/204.png,F3_Block/data/train/labels/204.png,204,43
F3_Block/data/train/images/205.png,F3_Block/data/train/labels/205.png,205,43
F3_Block/data/train/images/206.png,F3_Block/data/train/labels/206.png,206,44
F3_Block/data/train/images/207.png,F3_Block/data/train/labels/207.png,207,44
F3_Block/data/train/images/208.png,F3_Block/data/train/labels/208.png,208,44
F3_Block/data/train/images/209.png,F3_Block/data/train/labels/209.png,209,44
F3_Block/data/train/images/21.png,F3_Block/data/train/labels/21.png,21,4
F3_Block/data/train/images/211.png,F3_Block/data/train/labels/211.png,211,45
F3_Block/data/train/images/212.png,F3_Block/data/train/labels/212.png,212,45
F3_Block/data/train/images/213.png,F3_Block/data/train/labels/213.png,213,45
F3_Block/data/train/images/214.png,F3_Block/data/train/labels/214.png,214,45
F3_Block/data/train/images/215.png,F3_Block/data/train/labels/215.png,215,46
F3_Block/data/train/images/216.png,F3_Block/data/train/labels/216.png,216,46
F3_Block/data/train/images/217.png,F3_Block/data/train/labels/217.png,217,46
F3_Block/data/train/images/218.png,F3_Block/data/train/labels/218.png,218,46
F3_Block/data/train/images/219.png,F3_Block/data/train/labels/219.png,219,46
F3_Block/data/train/images/22.png,F3_Block/data/train/labels/22.png,22,4
F3_Block/data/train/images/220.png,F3_Block/data/train/labels/220.png,220,47
F3_Block/data/train/images/221.png,F3_Block/data/train/labels/221.png,221,47
F3_Block/data/train/images/222.png,F3_Block/data/train/labels/222.png,222,47
F3_Block/data/train/images/223.png,F3_Block/data/train/labels/223.png,223,47
F3_Block/data/train/images/224.png,F3_Block/data/train/labels/224.png,224,47
F3_Block/data/train/images/225.png,F3_Block/data/train/labels/225.png,225,48
F3_Block/data/train/images/226.png,F3_Block/data/train/labels/226.png,226,48
F3_Block/data/train/images/227.png,F3_Block/data/train/labels/227.png,227,48
F3_Block/data/train/images/228.png,F3_Block/data/train/labels/228.png,228,48
F3_Block/data/train/images/229.png,F3_Block/data/train/labels/229.png,229,49
F3_Block/data/train/images/230.png,F3_Block/data/train/labels/230.png,230,49
F3_Block/data/train/images/231.png,F3_Block/data/train/labels/231.png,231,49
F3_Block/data/train/images/232.png,F3_Block/data/train/labels/232.png,232,49
F3_Block/data/train/images/233.png,F3_Block/data/train/labels/233.png,233,49
F3_Block/data/train/images/234.png,F3_Block/data/train/labels/234.png,234,50
F3_Block/data/train/images/235.png,F3_Block/data/train/labels/235.png,235,50
F3_Block/data/train/images/236.png,F3_Block/data/train/labels/236.png,236,50
F3_Block/data/train/images/237.png,F3_Block/data/train/labels/237.png,237,50
F3_Block/data/train/images/238.png,F3_Block/data/train/labels/238.png,238,50
F3_Block/data/train/images/239.png,F3_Block/data/train/labels/239.png,239,51
F3_Block/data/train/images/24.png,F3_Block/data/train/labels/24.png,24,5
F3_Block/data/train/images/240.png,F3_Block/data/train/labels/240.png,240,51
F3_Block/data/train/images/241.png,F3_Block/data/train/labels/241.png,241,51
F3_Block/data/train/images/242.png,F3_Block/data/train/labels/242.png,242,51
F3_Block/data/train/images/243.png,F3_Block/data/train/labels/243.png,243,52
F3_Block/data/train/images/244.png,F3_Block/data/train/labels/244.png,244,52
F3_Block/data/train/images/245.png,F3_Block/data/train/labels/245.png,245,52
F3_Block/data/train/images/246.png,F3_Block/data/train/labels/246.png,246,52
F3_Block/data/train/images/247.png,F3_Block/data/train/labels/247.png,247,52
F3_Block/data/train/images/248.png,F3_Block/data/train/labels/248.png,248,53
F3_Block/data/train/images/25.png,F3_Block/data/train/labels/25.png,25,5
F3_Block/data/train/images/250.png,F3_Block/data/train/labels/250.png,250,53
F3_Block/data/train/images/251.png,F3_Block/data/train/labels/251.png,251,53
F3_Block/data/train/images/252.png,F3_Block/data/train/labels/252.png,252,53
F3_Block/data/train/images/253.png,F3_Block/data/train/labels/253.png,253,54
F3_Block/data/train/images/254.png,F3_Block/data/train/labels/254.png,254,54
F3_Block/data/train/images/255.png,F3_Block/data/train/labels/255.png,255,54
F3_Block/data/train/images/256.png,F3_Block/data/train/labels/256.png,256,54
F3_Block/data/train/images/257.png,F3_Block/data/train/labels/257.png,257,55
F3_Block/data/train/images/258.png,F3_Block/data/train/labels/258.png,258,55
F3_Block/data/train/images/259.png,F3_Block/data/train/labels/259.png,259,55
F3_Block/data/train/images/26.png,F3_Block/data/train/labels/26.png,26,5
F3_Block/data/train/images/260.png,F3_Block/data/train/labels/260.png,260,55
F3_Block/data/train/images/261.png,F3_Block/data/train/labels/261.png,261,55
F3_Block/data/train/images/262.png,F3_Block/data/train/labels/262.png,262,56
F3_Block/data/train/images/263.png,F3_Block/data/train/labels/263.png,263,56
F3_Block/data/train/images/264.png,F3_Block/data/train/labels/264.png,264,56
F3_Block/data/train/images/265.png,F3_Block/data/train/labels/265.png,265,56
F3_Block/data/train/images/266.png,F3_Block/data/train/labels/266.png,266,56
F3_Block/data/train/images/267.png,F3_Block/data/train/labels/267.png,267,57
F3_Block/data/train/images/268.png,F3_Block/data/train/labels/268.png,268,57
F3_Block/data/train/images/269.png,F3_Block/data/train/labels/269.png,269,57
F3_Block/data/train/images/29.png,F3_Block/data/train/labels/29.png,29,6
F3_Block/data/train/images/290.png,F3_Block/data/train/labels/290.png,290,62
F3_Block/data/train/images/291.png,F3_Block/data/train/labels/291.png,291,62
F3_Block/data/train/images/292.png,F3_Block/data/train/labels/292.png,292,62
F3_Block/data/train/images/293.png,F3_Block/data/train/labels/293.png,293,62
F3_Block/data/train/images/294.png,F3_Block/data/train/labels/294.png,294,62
F3_Block/data/train/images/295.png,F3_Block/data/train/labels/295.png,295,63
F3_Block/data/train/images/296.png,F3_Block/data/train/labels/296.png,296,63
F3_Block/data/train/images/297.png,F3_Block/data/train/labels/297.png,297,63
F3_Block/data/train/images/298.png,F3_Block/data/train/labels/298.png,298,63
F3_Block/data/train/images/299.png,F3_Block/data/train/labels/299.png,299,64
F3_Block/data/train/images/3.png,F3_Block/data/train/labels/3.png,3,0
F3_Block/data/train/images/30.png,F3_Block/data/train/labels/30.png,30,6
F3_Block/data/train/images/300.png,F3_Block/data/train/labels/300.png,300,64
F3_Block/data/train/images/301.png,F3_Block/data/train/labels/301.png,301,64
F3_Block/data/train/images/302.png,F3_Block/data/train/labels/302.png,302,64
F3_Block/data/train/images/303.png,F3_Block/data/train/labels/303.png,303,64
F3_Block/data/train/images/304.png,F3_Block/data/train/labels/304.png,304,65
F3_Block/data/train/images/305.png,F3_Block/data/train/labels/305.png,305,65
F3_Block/data/train/images/306.png,F3_Block/data/train/labels/306.png,306,65
F3_Block/data/train/images/308.png,F3_Block/data/train/labels/308.png,308,65
F3_Block/data/train/images/309.png,F3_Block/data/train/labels/309.png,309,66
F3_Block/data/train/images/31.png,F3_Block/data/train/labels/31.png,31,6
F3_Block/data/train/images/310.png,F3_Block/data/train/labels/310.png,310,66
F3_Block/data/train/images/311.png,F3_Block/data/train/labels/311.png,311,66
F3_Block/data/train/images/312.png,F3_Block/data/train/labels/312.png,312,66
F3_Block/data/train/images/313.png,F3_Block/data/train/labels/313.png,313,67
F3_Block/data/train/images/314.png,F3_Block/data/train/labels/314.png,314,67
F3_Block/data/train/images/315.png,F3_Block/data/train/labels/315.png,315,67
F3_Block/data/train/images/316.png,F3_Block/data/train/labels/316.png,316,67
F3_Block/data/train/images/317.png,F3_Block/data/train/labels/317.png,317,67
F3_Block/data/train/images/318.png,F3_Block/data/train/labels/318.png,318,68
F3_Block/data/train/images/319.png,F3_Block/data/train/labels/319.png,319,68
F3_Block/data/train/images/32.png,F3_Block/data/train/labels/32.png,32,6
F3_Block/data/train/images/320.png,F3_Block/data/train/labels/320.png,320,68
F3_Block/data/train/images/321.png,F3_Block/data/train/labels/321.png,321,68
F3_Block/data/train/images/322.png,F3_Block/data/train/labels/322.png,322,68
F3_Block/data/train/images/323.png,F3_Block/data/train/labels/323.png,323,69
F3_Block/data/train/images/324.png,F3_Block/data/train/labels/324.png,324,69
F3_Block/data/train/images/325.png,F3_Block/data/train/labels/325.png,325,69
F3_Block/data/train/images/327.png,F3_Block/data/train/labels/327.png,327,70
F3_Block/data/train/images/328.png,F3_Block/data/train/labels/328.png,328,70
F3_Block/data/train/images/329.png,F3_Block/data/train/labels/329.png,329,70
F3_Block/data/train/images/33.png,F3_Block/data/train/labels/33.png,33,7
F3_Block/data/train/images/330.png,F3_Block/data/train/labels/330.png,330,70
F3_Block/data/train/images/331.png,F3_Block/data/train/labels/331.png,331,70
F3_Block/data/train/images/332.png,F3_Block/data/train/labels/332.png,332,71
F3_Block/data/train/images/333.png,F3_Block/data/train/labels/333.png,333,71
F3_Block/data/train/images/334.png,F3_Block/data/train/labels/334.png,334,71
F3_Block/data/train/images/335.png,F3_Block/data/train/labels/335.png,335,71
F3_Block/data/train/images/336.png,F3_Block/data/train/labels/336.png,336,71
F3_Block/data/train/images/337.png,F3_Block/data/train/labels/337.png,337,72
F3_Block/data/train/images/338.png,F3_Block/data/train/labels/338.png,338,72
F3_Block/data/train/images/339.png,F3_Block/data/train/labels/339.png,339,72
F3_Block/data/train/images/34.png,F3_Block/data/train/labels/34.png,34,7
F3_Block/data/train/images/340.png,F3_Block/data/train/labels/340.png,340,72
F3_Block/data/train/images/341.png,F3_Block/data/train/labels/341.png,341,73
F3_Block/data/train/images/342.png,F3_Block/data/train/labels/342.png,342,73
F3_Block/data/train/images/343.png,F3_Block/data/train/labels/343.png,343,73
F3_Block/data/train/images/344.png,F3_Block/data/train/labels/344.png,344,73
F3_Block/data/train/images/346.png,F3_Block/data/train/labels/346.png,346,74
F3_Block/data/train/images/347.png,F3_Block/data/train/labels/347.png,347,74
F3_Block/data/train/images/348.png,F3_Block/data/train/labels/348.png,348,74
F3_Block/data/train/images/349.png,F3_Block/data/train/labels/349.png,349,74
F3_Block/data/train/images/35.png,F3_Block/data/train/labels/35.png,35,7
F3_Block/data/train/images/350.png,F3_Block/data/train/labels/350.png,350,74
F3_Block/data/train/images/351.png,F3_Block/data/train/labels/351.png,351,75
F3_Block/data/train/images/352.png,F3_Block/data/train/labels/352.png,352,75
F3_Block/data/train/images/353.png,F3_Block/data/train/labels/353.png,353,75
F3_Block/data/train/images/354.png,F3_Block/data/train/labels/354.png,354,75
F3_Block/data/train/images/355.png,F3_Block/data/train/labels/355.png,355,76
F3_Block/data/train/images/356.png,F3_Block/data/train/labels/356.png,356,76
F3_Block/data/train/images/357.png,F3_Block/data/train/labels/357.png,357,76
F3_Block/data/train/images/358.png,F3_Block/data/train/labels/358.png,358,76
F3_Block/data/train/images/359.png,F3_Block/data/train/labels/359.png,359,76
F3_Block/data/train/images/36.png,F3_Block/data/train/labels/36.png,36,7
F3_Block/data/train/images/360.png,F3_Block/data/train/labels/360.png,360,77
F3_Block/data/train/images/361.png,F3_Block/data/train/labels/361.png,361,77
F3_Block/data/train/images/362.png,F3_Block/data/train/labels/362.png,362,77
F3_Block/data/train/images/363.png,F3_Block/data/train/labels/363.png,363,77
F3_Block/data/train/images/365.png,F3_Block/data/train/labels/365.png,365,78
F3_Block/data/train/images/366.png,F3_Block/data/train/labels/366.png,366,78
F3_Block/data/train/images/367.png,F3_Block/data/train/labels/367.png,367,78
F3_Block/data/train/images/368.png,F3_Block/data/train/labels/368.png,368,78
F3_Block/data/train/images/369.png,F3_Block/data/train/labels/369.png,369,79
F3_Block/data/train/images/37.png,F3_Block/data/train/labels/37.png,37,7
F3_Block/data/train/images/370.png,F3_Block/data/train/labels/370.png,370,79
F3_Block/data/train/images/371.png,F3_Block/data/train/labels/371.png,371,79
F3_Block/data/train/images/372.png,F3_Block/data/train/labels/372.png,372,79
F3_Block/data/train/images/373.png,F3_Block/data/train/labels/373.png,373,79
F3_Block/data/train/images/374.png,F3_Block/data/train/labels/374.png,374,80
F3_Block/data/train/images/375.png,F3_Block/data/train/labels/375.png,375,80
F3_Block/data/train/images/376.png,F3_Block/data/train/labels/376.png,376,80
F3_Block/data/train/images/377.png,F3_Block/data/train/labels/377.png,377,80
F3_Block/data/train/images/378.png,F3_Block/data/train/labels/378.png,378,80
F3_Block/data/train/images/379.png,F3_Block/data/train/labels/379.png,379,81
F3_Block/data/train/images/38.png,F3_Block/data/train/labels/38.png,38,8
F3_Block/data/train/images/380.png,F3_Block/data/train/labels/380.png,380,81
F3_Block/data/train/images/381.png,F3_Block/data/train/labels/381.png,381,81
F3_Block/data/train/images/382.png,F3_Block/data/train/labels/382.png,382,81
F3_Block/data/train/images/384.png,F3_Block/data/train/labels/384.png,384,82
F3_Block/data/train/images/385.png,F3_Block/data/train/labels/385.png,385,82
F3_Block/data/train/images/386.png,F3_Block/data/train/labels/386.png,386,82
F3_Block/data/train/images/387.png,F3_Block/data/train/labels/387.png,387,82
F3_Block/data/train/images/388.png,F3_Block/data/train/labels/388.png,388,83
F3_Block/data/train/images/389.png,F3_Block/data/train/labels/389.png,389,83
F3_Block/data/train/images/39.png,F3_Block/data/train/labels/39.png,39,8
F3_Block/data/train/images/390.png,F3_Block/data/train/labels/390.png,390,83
F3_Block/data/train/images/391.png,F3_Block/data/train/labels/391.png,391,83
F3_Block/data/train/images/392.png,F3_Block/data/train/labels/392.png,392,83
F3_Block/data/train/images/393.png,F3_Block/data/train/labels/393.png,393,84
F3_Block/data/train/images/394.png,F3_Block/data/train/labels/394.png,394,84
F3_Block/data/train/images/395.png,F3_Block/data/train/labels/395.png,395,84
F3_Block/data/train/images/396.png,F3_Block/data/train/labels/396.png,396,84
F3_Block/data/train/images/397.png,F3_Block/data/train/labels/397.png,397,85
F3_Block/data/train/images/398.png,F3_Block/data/train/labels/398.png,398,85
F3_Block/data/train/images/399.png,F3_Block/data/train/labels/399.png,399,85
F3_Block/data/train/images/4.png,F3_Block/data/train/labels/4.png,4,0
F3_Block/data/train/images/40.png,F3_Block/data/train/labels/40.png,40,8
F3_Block/data/train/images/400.png,F3_Block/data/train/labels/400.png,400,85
F3_Block/data/train/images/402.png,F3_Block/data/train/labels/402.png,402,86
F3_Block/data/train/images/403.png,F3_Block/data/train/labels/403.png,403,86
F3_Block/data/train/images/404.png,F3_Block/data/train/labels/404.png,404,86
F3_Block/data/train/images/405.png,F3_Block/data/train/labels/405.png,405,86
F3_Block/data/train/images/406.png,F3_Block/data/train/labels/406.png,406,86
F3_Block/data/train/images/407.png,F3_Block/data/train/labels/407.png,407,87
F3_Block/data/train/images/408.png,F3_Block/data/train/labels/408.png,408,87
F3_Block/data/train/images/409.png,F3_Block/data/train/labels/409.png,409,87
F3_Block/data/train/images/41.png,F3_Block/data/train/labels/41.png,41,8
F3_Block/data/train/images/410.png,F3_Block/data/train/labels/410.png,410,87
F3_Block/data/train/images/411.png,F3_Block/data/train/labels/411.png,411,88
F3_Block/data/train/images/412.png,F3_Block/data/train/labels/412.png,412,88
F3_Block/data/train/images/413.png,F3_Block/data/train/labels/413.png,413,88
F3_Block/data/train/images/414.png,F3_Block/data/train/labels/414.png,414,88
F3_Block/data/train/images/415.png,F3_Block/data/train/labels/415.png,415,88
F3_Block/data/train/images/416.png,F3_Block/data/train/labels/416.png,416,89
F3_Block/data/train/images/417.png,F3_Block/data/train/labels/417.png,417,89
F3_Block/data/train/images/418.png,F3_Block/data/train/labels/418.png,418,89
F3_Block/data/train/images/419.png,F3_Block/data/train/labels/419.png,419,89
F3_Block/data/train/images/42.png,F3_Block/data/train/labels/42.png,42,8
F3_Block/data/train/images/421.png,F3_Block/data/train/labels/421.png,421,90
F3_Block/data/train/images/422.png,F3_Block/data/train/labels/422.png,422,90
F3_Block/data/train/images/423.png,F3_Block/data/train/labels/423.png,423,90
F3_Block/data/train/images/424.png,F3_Block/data/train/labels/424.png,424,90
F3_Block/data/train/images/425.png,F3_Block/data/train/labels/425.png,425,91
F3_Block/data/train/images/426.png,F3_Block/data/train/labels/426.png,426,91
F3_Block/data/train/images/427.png,F3_Block/data/train/labels/427.png,427,91
F3_Block/data/train/images/428.png,F3_Block/data/train/labels/428.png,428,91
F3_Block/data/train/images/429.png,F3_Block/data/train/labels/429.png,429,91
F3_Block/data/train/images/43.png,F3_Block/data/train/labels/43.png,43,9
F3_Block/data/train/images/430.png,F3_Block/data/train/labels/430.png,430,92
F3_Block/data/train/images/431.png,F3_Block/data/train/labels/431.png,431,92
F3_Block/data/train/images/432.png,F3_Block/data/train/labels/432.png,432,92
F3_Block/data/train/images/433.png,F3_Block/data/train/labels/433.png,433,92
F3_Block/data/train/images/434.png,F3_Block/data/train/labels/434.png,434,92
F3_Block/data/train/images/435.png,F3_Block/data/train/labels/435.png,435,93
F3_Block/data/train/images/436.png,F3_Block/data/train/labels/436.png,436,93
F3_Block/data/train/images/437.png,F3_Block/data/train/labels/437.png,437,93
F3_Block/data/train/images/438.png,F3_Block/data/train/labels/438.png,438,93
F3_Block/data/train/images/439.png,F3_Block/data/train/labels/439.png,439,94
F3_Block/data/train/images/440.png,F3_Block/data/train/labels/440.png,440,94
F3_Block/data/train/images/441.png,F3_Block/data/train/labels/441.png,441,94
F3_Block/data/train/images/442.png,F3_Block/data/train/labels/442.png,442,94
F3_Block/data/train/images/443.png,F3_Block/data/train/labels/443.png,443,94
F3_Block/data/train/images/444.png,F3_Block/data/train/labels/444.png,444,95
F3_Block/data/train/images/445.png,F3_Block/data/train/labels/445.png,445,95
F3_Block/data/train/images/446.png,F3_Block/data/train/labels/446.png,446,95
F3_Block/data/train/images/447.png,F3_Block/data/train/labels/447.png,447,95
F3_Block/data/train/images/448.png,F3_Block/data/train/labels/448.png,448,95
F3_Block/data/train/images/449.png,F3_Block/data/train/labels/449.png,449,96
F3_Block/data/train/images/45.png,F3_Block/data/train/labels/45.png,45,9
F3_Block/data/train/images/450.png,F3_Block/data/train/labels/450.png,450,96
F3_Block/data/train/images/451.png,F3_Block/data/train/labels/451.png,451,96
F3_Block/data/train/images/452.png,F3_Block/data/train/labels/452.png,452,96
F3_Block/data/train/images/453.png,F3_Block/data/train/labels/453.png,453,97
F3_Block/data/train/images/454.png,F3_Block/data/train/labels/454.png,454,97
F3_Block/data/train/images/455.png,F3_Block/data/train/labels/455.png,455,97
F3_Block/data/train/images/456.png,F3_Block/data/train/labels/456.png,456,97
F3_Block/data/train/images/457.png,F3_Block/data/train/labels/457.png,457,97
F3_Block/data/train/images/458.png,F3_Block/data/train/labels/458.png,458,98
F3_Block/data/train/images/459.png,F3_Block/data/train/labels/459.png,459,98
F3_Block/data/train/images/48.png,F3_Block/data/train/labels/48.png,48,10
F3_Block/data/train/images/480.png,F3_Block/data/train/labels/480.png,480,102
F3_Block/data/train/images/481.png,F3_Block/data/train/labels/481.png,481,103
F3_Block/data/train/images/482.png,F3_Block/data/train/labels/482.png,482,103
F3_Block/data/train/images/483.png,F3_Block/data/train/labels/483.png,483,103
F3_Block/data/train/images/484.png,F3_Block/data/train/labels/484.png,484,103
F3_Block/data/train/images/485.png,F3_Block/data/train/labels/485.png,485,103
F3_Block/data/train/images/486.png,F3_Block/data/train/labels/486.png,486,104
F3_Block/data/train/images/487.png,F3_Block/data/train/labels/487.png,487,104
F3_Block/data/train/images/488.png,F3_Block/data/train/labels/488.png,488,104
F3_Block/data/train/images/489.png,F3_Block/data/train/labels/489.png,489,104
F3_Block/data/train/images/49.png,F3_Block/data/train/labels/49.png,49,10
F3_Block/data/train/images/490.png,F3_Block/data/train/labels/490.png,490,104
F3_Block/data/train/images/491.png,F3_Block/data/train/labels/491.png,491,105
F3_Block/data/train/images/492.png,F3_Block/data/train/labels/492.png,492,105
F3_Block/data/train/images/493.png,F3_Block/data/train/labels/493.png,493,105
F3_Block/data/train/images/494.png,F3_Block/data/train/labels/494.png,494,105
F3_Block/data/train/images/495.png,F3_Block/data/train/labels/495.png,495,106
F3_Block/data/train/images/496.png,F3_Block/data/train/labels/496.png,496,106
F3_Block/data/train/images/497.png,F3_Block/data/train/labels/497.png,497,106
F3_Block/data/train/images/499.png,F3_Block/data/train/labels/499.png,499,106
F3_Block/data/train/images/5.png,F3_Block/data/train/labels/5.png,5,1
F3_Block/data/train/images/50.png,F3_Block/data/train/labels/50.png,50,10
F3_Block/data/train/images/500.png,F3_Block/data/train/labels/500.png,500,107
F3_Block/data/train/images/501.png,F3_Block/data/train/labels/501.png,501,107
F3_Block/data/train/images/502.png,F3_Block/data/train/labels/502.png,502,107
F3_Block/data/train/images/503.png,F3_Block/data/train/labels/503.png,503,107
F3_Block/data/train/images/504.png,F3_Block/data/train/labels/504.png,504,107
F3_Block/data/train/images/505.png,F3_Block/data/train/labels/505.png,505,108
F3_Block/data/train/images/506.png,F3_Block/data/train/labels/506.png,506,108
F3_Block/data/train/images/507.png,F3_Block/data/train/labels/507.png,507,108
F3_Block/data/train/images/508.png,F3_Block/data/train/labels/508.png,508,108
F3_Block/data/train/images/509.png,F3_Block/data/train/labels/509.png,509,109
F3_Block/data/train/images/51.png,F3_Block/data/train/labels/51.png,51,10
F3_Block/data/train/images/510.png,F3_Block/data/train/labels/510.png,510,109
F3_Block/data/train/images/511.png,F3_Block/data/train/labels/511.png,511,109
F3_Block/data/train/images/512.png,F3_Block/data/train/labels/512.png,512,109
F3_Block/data/train/images/513.png,F3_Block/data/train/labels/513.png,513,109
F3_Block/data/train/images/514.png,F3_Block/data/train/labels/514.png,514,110
F3_Block/data/train/images/515.png,F3_Block/data/train/labels/515.png,515,110
F3_Block/data/train/images/517.png,F3_Block/data/train/labels/517.png,517,110
F3_Block/data/train/images/518.png,F3_Block/data/train/labels/518.png,518,110
F3_Block/data/train/images/519.png,F3_Block/data/train/labels/519.png,519,111
F3_Block/data/train/images/52.png,F3_Block/data/train/labels/52.png,52,11
F3_Block/data/train/images/520.png,F3_Block/data/train/labels/520.png,520,111
F3_Block/data/train/images/521.png,F3_Block/data/train/labels/521.png,521,111
F3_Block/data/train/images/522.png,F3_Block/data/train/labels/522.png,522,111
F3_Block/data/train/images/523.png,F3_Block/data/train/labels/523.png,523,112
F3_Block/data/train/images/524.png,F3_Block/data/train/labels/524.png,524,112
F3_Block/data/train/images/525.png,F3_Block/data/train/labels/525.png,525,112
F3_Block/data/train/images/526.png,F3_Block/data/train/labels/526.png,526,112
F3_Block/data/train/images/527.png,F3_Block/data/train/labels/527.png,527,112
F3_Block/data/train/images/528.png,F3_Block/data/train/labels/528.png,528,113
F3_Block/data/train/images/529.png,F3_Block/data/train/labels/529.png,529,113
F3_Block/data/train/images/53.png,F3_Block/data/train/labels/53.png,53,11
F3_Block/data/train/images/530.png,F3_Block/data/train/labels/530.png,530,113
F3_Block/data/train/images/531.png,F3_Block/data/train/labels/531.png,531,113
F3_Block/data/train/images/532.png,F3_Block/data/train/labels/532.png,532,113
F3_Block/data/train/images/533.png,F3_Block/data/train/labels/533.png,533,114
F3_Block/data/train/images/534.png,F3_Block/data/train/labels/534.png,534,114
F3_Block/data/train/images/536.png,F3_Block/data/train/labels/536.png,536,114
F3_Block/data/train/images/537.png,F3_Block/data/train/labels/537.png,537,115
F3_Block/data/train/images/538.png,F3_Block/data/train/labels/538.png,538,115
F3_Block/data/train/images/539.png,F3_Block/data/train/labels/539.png,539,115
F3_Block/data/train/images/54.png,F3_Block/data/train/labels/54.png,54,11
F3_Block/data/train/images/540.png,F3_Block/data/train/labels/540.png,540,115
F3_Block/data/train/images/541.png,F3_Block/data/train/labels/541.png,541,115
F3_Block/data/train/images/542.png,F3_Block/data/train/labels/542.png,542,116
F3_Block/data/train/images/543.png,F3_Block/data/train/labels/543.png,543,116
F3_Block/data/train/images/544.png,F3_Block/data/train/labels/544.png,544,116
F3_Block/data/train/images/545.png,F3_Block/data/train/labels/545.png,545,116
F3_Block/data/train/images/546.png,F3_Block/data/train/labels/546.png,546,116
F3_Block/data/train/images/547.png,F3_Block/data/train/labels/547.png,547,117
F3_Block/data/train/images/548.png,F3_Block/data/train/labels/548.png,548,117
F3_Block/data/train/images/549.png,F3_Block/data/train/labels/549.png,549,117
F3_Block/data/train/images/55.png,F3_Block/data/train/labels/55.png,55,11
F3_Block/data/train/images/550.png,F3_Block/data/train/labels/550.png,550,117
F3_Block/data/train/images/551.png,F3_Block/data/train/labels/551.png,551,118
F3_Block/data/train/images/552.png,F3_Block/data/train/labels/552.png,552,118
F3_Block/data/train/images/553.png,F3_Block/data/train/labels/553.png,553,118
F3_Block/data/train/images/555.png,F3_Block/data/train/labels/555.png,555,118
F3_Block/data/train/images/556.png,F3_Block/data/train/labels/556.png,556,119
F3_Block/data/train/images/557.png,F3_Block/data/train/labels/557.png,557,119
F3_Block/data/train/images/558.png,F3_Block/data/train/labels/558.png,558,119
F3_Block/data/train/images/559.png,F3_Block/data/train/labels/559.png,559,119
F3_Block/data/train/images/56.png,F3_Block/data/train/labels/56.png,56,11
F3_Block/data/train/images/560.png,F3_Block/data/train/labels/560.png,560,119
F3_Block/data/train/images/561.png,F3_Block/data/train/labels/561.png,561,120
F3_Block/data/train/images/562.png,F3_Block/data/train/labels/562.png,562,120
F3_Block/data/train/images/563.png,F3_Block/data/train/labels/563.png,563,120
F3_Block/data/train/images/564.png,F3_Block/data/train/labels/564.png,564,120
F3_Block/data/train/images/565.png,F3_Block/data/train/labels/565.png,565,121
F3_Block/data/train/images/566.png,F3_Block/data/train/labels/566.png,566,121
F3_Block/data/train/images/567.png,F3_Block/data/train/labels/567.png,567,121
F3_Block/data/train/images/568.png,F3_Block/data/train/labels/568.png,568,121
F3_Block/data/train/images/569.png,F3_Block/data/train/labels/569.png,569,121
F3_Block/data/train/images/57.png,F3_Block/data/train/labels/57.png,57,12
F3_Block/data/train/images/570.png,F3_Block/data/train/labels/570.png,570,122
F3_Block/data/train/images/571.png,F3_Block/data/train/labels/571.png,571,122
F3_Block/data/train/images/572.png,F3_Block/data/train/labels/572.png,572,122
F3_Block/data/train/images/574.png,F3_Block/data/train/labels/574.png,574,122
F3_Block/data/train/images/575.png,F3_Block/data/train/labels/575.png,575,123
F3_Block/data/train/images/576.png,F3_Block/data/train/labels/576.png,576,123
F3_Block/data/train/images/577.png,F3_Block/data/train/labels/577.png,577,123
F3_Block/data/train/images/578.png,F3_Block/data/train/labels/578.png,578,123
F3_Block/data/train/images/579.png,F3_Block/data/train/labels/579.png,579,124
F3_Block/data/train/images/58.png,F3_Block/data/train/labels/58.png,58,12
F3_Block/data/train/images/580.png,F3_Block/data/train/labels/580.png,580,124
F3_Block/data/train/images/581.png,F3_Block/data/train/labels/581.png,581,124
F3_Block/data/train/images/582.png,F3_Block/data/train/labels/582.png,582,124
F3_Block/data/train/images/583.png,F3_Block/data/train/labels/583.png,583,124
F3_Block/data/train/images/584.png,F3_Block/data/train/labels/584.png,584,125
F3_Block/data/train/images/585.png,F3_Block/data/train/labels/585.png,585,125
F3_Block/data/train/images/586.png,F3_Block/data/train/labels/586.png,586,125
F3_Block/data/train/images/587.png,F3_Block/data/train/labels/587.png,587,125
F3_Block/data/train/images/588.png,F3_Block/data/train/labels/588.png,588,125
F3_Block/data/train/images/589.png,F3_Block/data/train/labels/589.png,589,126
F3_Block/data/train/images/59.png,F3_Block/data/train/labels/59.png,59,12
F3_Block/data/train/images/590.png,F3_Block/data/train/labels/590.png,590,126
F3_Block/data/train/images/591.png,F3_Block/data/train/labels/591.png,591,126
F3_Block/data/train/images/593.png,F3_Block/data/train/labels/593.png,593,127
F3_Block/data/train/images/594.png,F3_Block/data/train/labels/594.png,594,127
F3_Block/data/train/images/595.png,F3_Block/data/train/labels/595.png,595,127
F3_Block/data/train/images/596.png,F3_Block/data/train/labels/596.png,596,127
F3_Block/data/train/images/597.png,F3_Block/data/train/labels/597.png,597,127
F3_Block/data/train/images/598.png,F3_Block/data/train/labels/598.png,598,128
F3_Block/data/train/images/599.png,F3_Block/data/train/labels/599.png,599,128
F3_Block/data/train/images/6.png,F3_Block/data/train/labels/6.png,6,1
F3_Block/data/train/images/60.png,F3_Block/data/train/labels/60.png,60,12
F3_Block/data/train/images/600.png,F3_Block/data/train/labels/600.png,600,128
F3_Block/data/train/images/601.png,F3_Block/data/train/labels/601.png,601,128
F3_Block/data/train/images/602.png,F3_Block/data/train/labels/602.png,602,128
F3_Block/data/train/images/603.png,F3_Block/data/train/labels/603.png,603,129
F3_Block/data/train/images/604.png,F3_Block/data/train/labels/604.png,604,129
F3_Block/data/train/images/605.png,F3_Block/data/train/labels/605.png,605,129
F3_Block/data/train/images/606.png,F3_Block/data/train/labels/606.png,606,129
F3_Block/data/train/images/607.png,F3_Block/data/train/labels/607.png,607,130
F3_Block/data/train/images/608.png,F3_Block/data/train/labels/608.png,608,130
F3_Block/data/train/images/609.png,F3_Block/data/train/labels/609.png,609,130
F3_Block/data/train/images/61.png,F3_Block/data/train/labels/61.png,61,13
F3_Block/data/train/images/611.png,F3_Block/data/train/labels/611.png,611,130
F3_Block/data/train/images/612.png,F3_Block/data/train/labels/612.png,612,131
F3_Block/data/train/images/613.png,F3_Block/data/train/labels/613.png,613,131
F3_Block/data/train/images/614.png,F3_Block/data/train/labels/614.png,614,131
F3_Block/data/train/images/615.png,F3_Block/data/train/labels/615.png,615,131
F3_Block/data/train/images/616.png,F3_Block/data/train/labels/616.png,616,131
F3_Block/data/train/images/617.png,F3_Block/data/train/labels/617.png,617,132
F3_Block/data/train/images/618.png,F3_Block/data/train/labels/618.png,618,132
F3_Block/data/train/images/619.png,F3_Block/data/train/labels/619.png,619,132
F3_Block/data/train/images/62.png,F3_Block/data/train/labels/62.png,62,13
F3_Block/data/train/images/620.png,F3_Block/data/train/labels/620.png,620,132
F3_Block/data/train/images/621.png,F3_Block/data/train/labels/621.png,621,133
F3_Block/data/train/images/622.png,F3_Block/data/train/labels/622.png,622,133
F3_Block/data/train/images/623.png,F3_Block/data/train/labels/623.png,623,133
F3_Block/data/train/images/624.png,F3_Block/data/train/labels/624.png,624,133
F3_Block/data/train/images/625.png,F3_Block/data/train/labels/625.png,625,133
F3_Block/data/train/images/626.png,F3_Block/data/train/labels/626.png,626,134
F3_Block/data/train/images/627.png,F3_Block/data/train/labels/627.png,627,134
F3_Block/data/train/images/628.png,F3_Block/data/train/labels/628.png,628,134
F3_Block/data/train/images/629.png,F3_Block/data/train/labels/629.png,629,134
F3_Block/data/train/images/630.png,F3_Block/data/train/labels/630.png,630,134
F3_Block/data/train/images/631.png,F3_Block/data/train/labels/631.png,631,135
F3_Block/data/train/images/632.png,F3_Block/data/train/labels/632.png,632,135
F3_Block/data/train/images/633.png,F3_Block/data/train/labels/633.png,633,135
F3_Block/data/train/images/634.png,F3_Block/data/train/labels/634.png,634,135
F3_Block/data/train/images/635.png,F3_Block/data/train/labels/635.png,635,136
F3_Block/data/train/images/636.png,F3_Block/data/train/labels/636.png,636,136
F3_Block/data/train/images/637.png,F3_Block/data/train/labels/637.png,637,136
F3_Block/data/train/images/638.png,F3_Block/data/train/labels/638.png,638,136
F3_Block/data/train/images/639.png,F3_Block/data/train/labels/639.png,639,136
F3_Block/data/train/images/64.png,F3_Block/data/train/labels/64.png,64,13
F3_Block/data/train/images/640.png,F3_Block/data/train/labels/640.png,640,137
F3_Block/data/train/images/641.png,F3_Block/data/train/labels/641.png,641,137
F3_Block/data/train/images/642.png,F3_Block/data/train/labels/642.png,642,137
F3_Block/data/train/images/643.png,F3_Block/data/train/labels/643.png,643,137
F3_Block/data/train/images/644.png,F3_Block/data/train/labels/644.png,644,137
F3_Block/data/train/images/645.png,F3_Block/data/train/labels/645.png,645,138
F3_Block/data/train/images/646.png,F3_Block/data/train/labels/646.png,646,138
F3_Block/data/train/images/647.png,F3_Block/data/train/labels/647.png,647,138
F3_Block/data/train/images/648.png,F3_Block/data/train/labels/648.png,648,138
F3_Block/data/train/images/649.png,F3_Block/data/train/labels/649.png,649,139
F3_Block/data/train/images/81.png,F3_Block/data/train/labels/81.png,81,17
F3_Block/data/train/images/82.png,F3_Block/data/train/labels/82.png,82,17
F3_Block/data/train/images/83.png,F3_Block/data/train/labels/83.png,83,17
F3_Block/data/train/images/84.png,F3_Block/data/train/labels/84.png,84,17
F3_Block/data/train/images/85.png,F3_Block/data/train/labels/85.png,85,18
F3_Block/data/train/images/86.png,F3_Block/data/train/labels/86.png,86,18
F3_Block/data/train/images/87.png,F3_Block/data/train/labels/87.png,87,18
F3_Block/data/train/images/88.png,F3_Block/data/train/labels/88.png,88,18
F3_Block/data/train/images/89.png,F3_Block/data/train/labels/89.png,89,19
F3_Block/data/train/images/9.png,F3_Block/data/train/labels/9.png,9,1
F3_Block/data/train/images/90.png,F3_Block/data/train/labels/90.png,90,19
F3_Block/data/train/images/91.png,F3_Block/data/train/labels/91.png,91,19
F3_Block/data/train/images/92.png,F3_Block/data/train/labels/92.png,92,19
F3_Block/data/train/images/93.png,F3_Block/data/train/labels/93.png,93,19
F3_Block/data/train/images/94.png,F3_Block/data/train/labels/94.png,94,20
F3_Block/data/train/images/95.png,F3_Block/data/train/labels/95.png,95,20
F3_Block/data/train/images/96.png,F3_Block/data/train/labels/96.png,96,20
F3_Block/data/train/images/97.png,F3_Block/data/train/labels/97.png,97,20
F3_Block/data/train/images/98.png,F3_Block/data/train/labels/98.png,98,20
F3_Block/data/train/images/99.png,F3_Block/data/train/labels/99.png,99,21
F3_Block/data/train/images/67.png,F3_Block/data/train/labels/67.png,67,14
F3_Block/data/train/images/670.png,F3_Block/data/train/labels/670.png,670,143
F3_Block/data/train/images/671.png,F3_Block/data/train/labels/671.png,671,143
F3_Block/data/train/images/672.png,F3_Block/data/train/labels/672.png,672,143
F3_Block/data/train/images/673.png,F3_Block/data/train/labels/673.png,673,144
F3_Block/data/train/images/674.png,F3_Block/data/train/labels/674.png,674,144
F3_Block/data/train/images/675.png,F3_Block/data/train/labels/675.png,675,144
F3_Block/data/train/images/676.png,F3_Block/data/train/labels/676.png,676,144
F3_Block/data/train/images/677.png,F3_Block/data/train/labels/677.png,677,145
F3_Block/data/train/images/678.png,F3_Block/data/train/labels/678.png,678,145
F3_Block/data/train/images/679.png,F3_Block/data/train/labels/679.png,679,145
F3_Block/data/train/images/68.png,F3_Block/data/train/labels/68.png,68,14
F3_Block/data/train/images/680.png,F3_Block/data/train/labels/680.png,680,145
F3_Block/data/train/images/681.png,F3_Block/data/train/labels/681.png,681,145
F3_Block/data/train/images/682.png,F3_Block/data/train/labels/682.png,682,146
F3_Block/data/train/images/683.png,F3_Block/data/train/labels/683.png,683,146
F3_Block/data/train/images/684.png,F3_Block/data/train/labels/684.png,684,146
F3_Block/data/train/images/685.png,F3_Block/data/train/labels/685.png,685,146
F3_Block/data/train/images/686.png,F3_Block/data/train/labels/686.png,686,146
F3_Block/data/train/images/687.png,F3_Block/data/train/labels/687.png,687,147
F3_Block/data/train/images/689.png,F3_Block/data/train/labels/689.png,689,147
F3_Block/data/train/images/69.png,F3_Block/data/train/labels/69.png,69,14
F3_Block/data/train/images/690.png,F3_Block/data/train/labels/690.png,690,147
F3_Block/data/train/images/691.png,F3_Block/data/train/labels/691.png,691,148
F3_Block/data/train/images/692.png,F3_Block/data/train/labels/692.png,692,148
F3_Block/data/train/images/693.png,F3_Block/data/train/labels/693.png,693,148
F3_Block/data/train/images/694.png,F3_Block/data/train/labels/694.png,694,148
F3_Block/data/train/images/695.png,F3_Block/data/train/labels/695.png,695,148
F3_Block/data/train/images/696.png,F3_Block/data/train/labels/696.png,696,149
F3_Block/data/train/images/697.png,F3_Block/data/train/labels/697.png,697,149
F3_Block/data/train/images/698.png,F3_Block/data/train/labels/698.png,698,149
F3_Block/data/train/images/699.png,F3_Block/data/train/labels/699.png,699,149
F3_Block/data/train/images/7.png,F3_Block/data/train/labels/7.png,7,1
F3_Block/data/train/images/70.png,F3_Block/data/train/labels/70.png,70,14
F3_Block/data/train/images/700.png,F3_Block/data/train/labels/700.png,700,149
F3_Block/data/train/images/71.png,F3_Block/data/train/labels/71.png,71,15
F3_Block/data/train/images/72.png,F3_Block/data/train/labels/72.png,72,15
F3_Block/data/train/images/73.png,F3_Block/data/train/labels/73.png,73,15
F3_Block/data/train/images/74.png,F3_Block/data/train/labels/74.png,74,15
F3_Block/data/train/images/75.png,F3_Block/data/train/labels/75.png,75,16
F3_Block/data/train/images/76.png,F3_Block/data/train/labels/76.png,76,16
F3_Block/data/train/images/77.png,F3_Block/data/train/labels/77.png,77,16
F3_Block/data/train/images/78.png,F3_Block/data/train/labels/78.png,78,16
F3_Block/data/train/images/79.png,F3_Block/data/train/labels/79.png,79,16
F3_Block/data/train/images/8.png,F3_Block/data/train/labels/8.png,8,1
