Image_Path,Semantic_Label_Path,Image_Label
/data/Datasets/F3_Block/data/train/images/0.png,/data/Datasets/F3_Block/data/train/labels/0.png,0
/data/Datasets/F3_Block/data/train/images/1.png,/data/Datasets/F3_Block/data/train/labels/1.png,1
/data/Datasets/F3_Block/data/train/images/10.png,/data/Datasets/F3_Block/data/train/labels/10.png,10
/data/Datasets/F3_Block/data/train/images/100.png,/data/Datasets/F3_Block/data/train/labels/100.png,100
/data/Datasets/F3_Block/data/train/images/101.png,/data/Datasets/F3_Block/data/train/labels/101.png,101
/data/Datasets/F3_Block/data/train/images/102.png,/data/Datasets/F3_Block/data/train/labels/102.png,102
/data/Datasets/F3_Block/data/train/images/103.png,/data/Datasets/F3_Block/data/train/labels/103.png,103
/data/Datasets/F3_Block/data/train/images/104.png,/data/Datasets/F3_Block/data/train/labels/104.png,104
/data/Datasets/F3_Block/data/train/images/105.png,/data/Datasets/F3_Block/data/train/labels/105.png,105
/data/Datasets/F3_Block/data/train/images/106.png,/data/Datasets/F3_Block/data/train/labels/106.png,106
/data/Datasets/F3_Block/data/train/images/107.png,/data/Datasets/F3_Block/data/train/labels/107.png,107
/data/Datasets/F3_Block/data/train/images/108.png,/data/Datasets/F3_Block/data/train/labels/108.png,108
/data/Datasets/F3_Block/data/train/images/109.png,/data/Datasets/F3_Block/data/train/labels/109.png,109
/data/Datasets/F3_Block/data/train/images/11.png,/data/Datasets/F3_Block/data/train/labels/11.png,11
/data/Datasets/F3_Block/data/train/images/110.png,/data/Datasets/F3_Block/data/train/labels/110.png,110
/data/Datasets/F3_Block/data/train/images/111.png,/data/Datasets/F3_Block/data/train/labels/111.png,111
/data/Datasets/F3_Block/data/train/images/112.png,/data/Datasets/F3_Block/data/train/labels/112.png,112
/data/Datasets/F3_Block/data/train/images/113.png,/data/Datasets/F3_Block/data/train/labels/113.png,113
/data/Datasets/F3_Block/data/train/images/114.png,/data/Datasets/F3_Block/data/train/labels/114.png,114
/data/Datasets/F3_Block/data/train/images/115.png,/data/Datasets/F3_Block/data/train/labels/115.png,115
/data/Datasets/F3_Block/data/train/images/270.png,/data/Datasets/F3_Block/data/train/labels/270.png,270
/data/Datasets/F3_Block/data/train/images/271.png,/data/Datasets/F3_Block/data/train/labels/271.png,271
/data/Datasets/F3_Block/data/train/images/272.png,/data/Datasets/F3_Block/data/train/labels/272.png,272
/data/Datasets/F3_Block/data/train/images/273.png,/data/Datasets/F3_Block/data/train/labels/273.png,273
/data/Datasets/F3_Block/data/train/images/274.png,/data/Datasets/F3_Block/data/train/labels/274.png,274
/data/Datasets/F3_Block/data/train/images/275.png,/data/Datasets/F3_Block/data/train/labels/275.png,275
/data/Datasets/F3_Block/data/train/images/276.png,/data/Datasets/F3_Block/data/train/labels/276.png,276
/data/Datasets/F3_Block/data/train/images/277.png,/data/Datasets/F3_Block/data/train/labels/277.png,277
/data/Datasets/F3_Block/data/train/images/278.png,/data/Datasets/F3_Block/data/train/labels/278.png,278
/data/Datasets/F3_Block/data/train/images/279.png,/data/Datasets/F3_Block/data/train/labels/279.png,279
/data/Datasets/F3_Block/data/train/images/28.png,/data/Datasets/F3_Block/data/train/labels/28.png,28
/data/Datasets/F3_Block/data/train/images/280.png,/data/Datasets/F3_Block/data/train/labels/280.png,280
/data/Datasets/F3_Block/data/train/images/281.png,/data/Datasets/F3_Block/data/train/labels/281.png,281
/data/Datasets/F3_Block/data/train/images/282.png,/data/Datasets/F3_Block/data/train/labels/282.png,282
/data/Datasets/F3_Block/data/train/images/283.png,/data/Datasets/F3_Block/data/train/labels/283.png,283
/data/Datasets/F3_Block/data/train/images/284.png,/data/Datasets/F3_Block/data/train/labels/284.png,284
/data/Datasets/F3_Block/data/train/images/285.png,/data/Datasets/F3_Block/data/train/labels/285.png,285
/data/Datasets/F3_Block/data/train/images/286.png,/data/Datasets/F3_Block/data/train/labels/286.png,286
/data/Datasets/F3_Block/data/train/images/287.png,/data/Datasets/F3_Block/data/train/labels/287.png,287
/data/Datasets/F3_Block/data/train/images/288.png,/data/Datasets/F3_Block/data/train/labels/288.png,288
/data/Datasets/F3_Block/data/train/images/460.png,/data/Datasets/F3_Block/data/train/labels/460.png,460
/data/Datasets/F3_Block/data/train/images/461.png,/data/Datasets/F3_Block/data/train/labels/461.png,461
/data/Datasets/F3_Block/data/train/images/462.png,/data/Datasets/F3_Block/data/train/labels/462.png,462
/data/Datasets/F3_Block/data/train/images/463.png,/data/Datasets/F3_Block/data/train/labels/463.png,463
/data/Datasets/F3_Block/data/train/images/464.png,/data/Datasets/F3_Block/data/train/labels/464.png,464
/data/Datasets/F3_Block/data/train/images/465.png,/data/Datasets/F3_Block/data/train/labels/465.png,465
/data/Datasets/F3_Block/data/train/images/466.png,/data/Datasets/F3_Block/data/train/labels/466.png,466
/data/Datasets/F3_Block/data/train/images/467.png,/data/Datasets/F3_Block/data/train/labels/467.png,467
/data/Datasets/F3_Block/data/train/images/468.png,/data/Datasets/F3_Block/data/train/labels/468.png,468
/data/Datasets/F3_Block/data/train/images/469.png,/data/Datasets/F3_Block/data/train/labels/469.png,469
/data/Datasets/F3_Block/data/train/images/47.png,/data/Datasets/F3_Block/data/train/labels/47.png,47
/data/Datasets/F3_Block/data/train/images/470.png,/data/Datasets/F3_Block/data/train/labels/470.png,470
/data/Datasets/F3_Block/data/train/images/471.png,/data/Datasets/F3_Block/data/train/labels/471.png,471
/data/Datasets/F3_Block/data/train/images/472.png,/data/Datasets/F3_Block/data/train/labels/472.png,472
/data/Datasets/F3_Block/data/train/images/473.png,/data/Datasets/F3_Block/data/train/labels/473.png,473
/data/Datasets/F3_Block/data/train/images/474.png,/data/Datasets/F3_Block/data/train/labels/474.png,474
/data/Datasets/F3_Block/data/train/images/475.png,/data/Datasets/F3_Block/data/train/labels/475.png,475
/data/Datasets/F3_Block/data/train/images/476.png,/data/Datasets/F3_Block/data/train/labels/476.png,476
/data/Datasets/F3_Block/data/train/images/477.png,/data/Datasets/F3_Block/data/train/labels/477.png,477
/data/Datasets/F3_Block/data/train/images/478.png,/data/Datasets/F3_Block/data/train/labels/478.png,478
/data/Datasets/F3_Block/data/train/images/650.png,/data/Datasets/F3_Block/data/train/labels/650.png,650
/data/Datasets/F3_Block/data/train/images/651.png,/data/Datasets/F3_Block/data/train/labels/651.png,651
/data/Datasets/F3_Block/data/train/images/652.png,/data/Datasets/F3_Block/data/train/labels/652.png,652
/data/Datasets/F3_Block/data/train/images/653.png,/data/Datasets/F3_Block/data/train/labels/653.png,653
/data/Datasets/F3_Block/data/train/images/654.png,/data/Datasets/F3_Block/data/train/labels/654.png,654
/data/Datasets/F3_Block/data/train/images/655.png,/data/Datasets/F3_Block/data/train/labels/655.png,655
/data/Datasets/F3_Block/data/train/images/656.png,/data/Datasets/F3_Block/data/train/labels/656.png,656
/data/Datasets/F3_Block/data/train/images/657.png,/data/Datasets/F3_Block/data/train/labels/657.png,657
/data/Datasets/F3_Block/data/train/images/658.png,/data/Datasets/F3_Block/data/train/labels/658.png,658
/data/Datasets/F3_Block/data/train/images/659.png,/data/Datasets/F3_Block/data/train/labels/659.png,659
/data/Datasets/F3_Block/data/train/images/66.png,/data/Datasets/F3_Block/data/train/labels/66.png,66
/data/Datasets/F3_Block/data/train/images/660.png,/data/Datasets/F3_Block/data/train/labels/660.png,660
/data/Datasets/F3_Block/data/train/images/661.png,/data/Datasets/F3_Block/data/train/labels/661.png,661
/data/Datasets/F3_Block/data/train/images/662.png,/data/Datasets/F3_Block/data/train/labels/662.png,662
/data/Datasets/F3_Block/data/train/images/663.png,/data/Datasets/F3_Block/data/train/labels/663.png,663
/data/Datasets/F3_Block/data/train/images/664.png,/data/Datasets/F3_Block/data/train/labels/664.png,664
/data/Datasets/F3_Block/data/train/images/665.png,/data/Datasets/F3_Block/data/train/labels/665.png,665
/data/Datasets/F3_Block/data/train/images/666.png,/data/Datasets/F3_Block/data/train/labels/666.png,666
/data/Datasets/F3_Block/data/train/images/667.png,/data/Datasets/F3_Block/data/train/labels/667.png,667
/data/Datasets/F3_Block/data/train/images/668.png,/data/Datasets/F3_Block/data/train/labels/668.png,668
/data/Datasets/F3_Block/data/train/images/117.png,/data/Datasets/F3_Block/data/train/labels/117.png,117
/data/Datasets/F3_Block/data/train/images/118.png,/data/Datasets/F3_Block/data/train/labels/118.png,118
/data/Datasets/F3_Block/data/train/images/119.png,/data/Datasets/F3_Block/data/train/labels/119.png,119
/data/Datasets/F3_Block/data/train/images/12.png,/data/Datasets/F3_Block/data/train/labels/12.png,12
/data/Datasets/F3_Block/data/train/images/120.png,/data/Datasets/F3_Block/data/train/labels/120.png,120
/data/Datasets/F3_Block/data/train/images/121.png,/data/Datasets/F3_Block/data/train/labels/121.png,121
/data/Datasets/F3_Block/data/train/images/122.png,/data/Datasets/F3_Block/data/train/labels/122.png,122
/data/Datasets/F3_Block/data/train/images/123.png,/data/Datasets/F3_Block/data/train/labels/123.png,123
/data/Datasets/F3_Block/data/train/images/124.png,/data/Datasets/F3_Block/data/train/labels/124.png,124
/data/Datasets/F3_Block/data/train/images/125.png,/data/Datasets/F3_Block/data/train/labels/125.png,125
/data/Datasets/F3_Block/data/train/images/126.png,/data/Datasets/F3_Block/data/train/labels/126.png,126
/data/Datasets/F3_Block/data/train/images/127.png,/data/Datasets/F3_Block/data/train/labels/127.png,127
/data/Datasets/F3_Block/data/train/images/128.png,/data/Datasets/F3_Block/data/train/labels/128.png,128
/data/Datasets/F3_Block/data/train/images/129.png,/data/Datasets/F3_Block/data/train/labels/129.png,129
/data/Datasets/F3_Block/data/train/images/13.png,/data/Datasets/F3_Block/data/train/labels/13.png,13
/data/Datasets/F3_Block/data/train/images/130.png,/data/Datasets/F3_Block/data/train/labels/130.png,130
/data/Datasets/F3_Block/data/train/images/131.png,/data/Datasets/F3_Block/data/train/labels/131.png,131
/data/Datasets/F3_Block/data/train/images/132.png,/data/Datasets/F3_Block/data/train/labels/132.png,132
/data/Datasets/F3_Block/data/train/images/133.png,/data/Datasets/F3_Block/data/train/labels/133.png,133
/data/Datasets/F3_Block/data/train/images/134.png,/data/Datasets/F3_Block/data/train/labels/134.png,134
/data/Datasets/F3_Block/data/train/images/116.png,/data/Datasets/F3_Block/data/train/labels/116.png,116
/data/Datasets/F3_Block/data/train/images/135.png,/data/Datasets/F3_Block/data/train/labels/135.png,135
/data/Datasets/F3_Block/data/train/images/154.png,/data/Datasets/F3_Block/data/train/labels/154.png,154
/data/Datasets/F3_Block/data/train/images/173.png,/data/Datasets/F3_Block/data/train/labels/173.png,173
/data/Datasets/F3_Block/data/train/images/192.png,/data/Datasets/F3_Block/data/train/labels/192.png,192
/data/Datasets/F3_Block/data/train/images/210.png,/data/Datasets/F3_Block/data/train/labels/210.png,210
/data/Datasets/F3_Block/data/train/images/23.png,/data/Datasets/F3_Block/data/train/labels/23.png,23
/data/Datasets/F3_Block/data/train/images/249.png,/data/Datasets/F3_Block/data/train/labels/249.png,249
/data/Datasets/F3_Block/data/train/images/27.png,/data/Datasets/F3_Block/data/train/labels/27.png,27
/data/Datasets/F3_Block/data/train/images/289.png,/data/Datasets/F3_Block/data/train/labels/289.png,289
/data/Datasets/F3_Block/data/train/images/307.png,/data/Datasets/F3_Block/data/train/labels/307.png,307
/data/Datasets/F3_Block/data/train/images/326.png,/data/Datasets/F3_Block/data/train/labels/326.png,326
/data/Datasets/F3_Block/data/train/images/345.png,/data/Datasets/F3_Block/data/train/labels/345.png,345
/data/Datasets/F3_Block/data/train/images/364.png,/data/Datasets/F3_Block/data/train/labels/364.png,364
/data/Datasets/F3_Block/data/train/images/383.png,/data/Datasets/F3_Block/data/train/labels/383.png,383
/data/Datasets/F3_Block/data/train/images/401.png,/data/Datasets/F3_Block/data/train/labels/401.png,401
/data/Datasets/F3_Block/data/train/images/420.png,/data/Datasets/F3_Block/data/train/labels/420.png,420
/data/Datasets/F3_Block/data/train/images/44.png,/data/Datasets/F3_Block/data/train/labels/44.png,44
/data/Datasets/F3_Block/data/train/images/46.png,/data/Datasets/F3_Block/data/train/labels/46.png,46
/data/Datasets/F3_Block/data/train/images/479.png,/data/Datasets/F3_Block/data/train/labels/479.png,479
/data/Datasets/F3_Block/data/train/images/498.png,/data/Datasets/F3_Block/data/train/labels/498.png,498
/data/Datasets/F3_Block/data/train/images/516.png,/data/Datasets/F3_Block/data/train/labels/516.png,516
/data/Datasets/F3_Block/data/train/images/535.png,/data/Datasets/F3_Block/data/train/labels/535.png,535
/data/Datasets/F3_Block/data/train/images/554.png,/data/Datasets/F3_Block/data/train/labels/554.png,554
/data/Datasets/F3_Block/data/train/images/573.png,/data/Datasets/F3_Block/data/train/labels/573.png,573
/data/Datasets/F3_Block/data/train/images/592.png,/data/Datasets/F3_Block/data/train/labels/592.png,592
/data/Datasets/F3_Block/data/train/images/610.png,/data/Datasets/F3_Block/data/train/labels/610.png,610
/data/Datasets/F3_Block/data/train/images/63.png,/data/Datasets/F3_Block/data/train/labels/63.png,63
/data/Datasets/F3_Block/data/train/images/65.png,/data/Datasets/F3_Block/data/train/labels/65.png,65
/data/Datasets/F3_Block/data/train/images/669.png,/data/Datasets/F3_Block/data/train/labels/669.png,669
/data/Datasets/F3_Block/data/train/images/688.png,/data/Datasets/F3_Block/data/train/labels/688.png,688
/data/Datasets/F3_Block/data/train/images/80.png,/data/Datasets/F3_Block/data/train/labels/80.png,80
/data/Datasets/F3_Block/data/train/images/136.png,/data/Datasets/F3_Block/data/train/labels/136.png,136
/data/Datasets/F3_Block/data/train/images/137.png,/data/Datasets/F3_Block/data/train/labels/137.png,137
/data/Datasets/F3_Block/data/train/images/138.png,/data/Datasets/F3_Block/data/train/labels/138.png,138
/data/Datasets/F3_Block/data/train/images/139.png,/data/Datasets/F3_Block/data/train/labels/139.png,139
/data/Datasets/F3_Block/data/train/images/14.png,/data/Datasets/F3_Block/data/train/labels/14.png,14
/data/Datasets/F3_Block/data/train/images/140.png,/data/Datasets/F3_Block/data/train/labels/140.png,140
/data/Datasets/F3_Block/data/train/images/141.png,/data/Datasets/F3_Block/data/train/labels/141.png,141
/data/Datasets/F3_Block/data/train/images/142.png,/data/Datasets/F3_Block/data/train/labels/142.png,142
/data/Datasets/F3_Block/data/train/images/143.png,/data/Datasets/F3_Block/data/train/labels/143.png,143
/data/Datasets/F3_Block/data/train/images/144.png,/data/Datasets/F3_Block/data/train/labels/144.png,144
/data/Datasets/F3_Block/data/train/images/145.png,/data/Datasets/F3_Block/data/train/labels/145.png,145
/data/Datasets/F3_Block/data/train/images/146.png,/data/Datasets/F3_Block/data/train/labels/146.png,146
/data/Datasets/F3_Block/data/train/images/147.png,/data/Datasets/F3_Block/data/train/labels/147.png,147
/data/Datasets/F3_Block/data/train/images/148.png,/data/Datasets/F3_Block/data/train/labels/148.png,148
/data/Datasets/F3_Block/data/train/images/149.png,/data/Datasets/F3_Block/data/train/labels/149.png,149
/data/Datasets/F3_Block/data/train/images/15.png,/data/Datasets/F3_Block/data/train/labels/15.png,15
/data/Datasets/F3_Block/data/train/images/150.png,/data/Datasets/F3_Block/data/train/labels/150.png,150
/data/Datasets/F3_Block/data/train/images/151.png,/data/Datasets/F3_Block/data/train/labels/151.png,151
/data/Datasets/F3_Block/data/train/images/152.png,/data/Datasets/F3_Block/data/train/labels/152.png,152
/data/Datasets/F3_Block/data/train/images/153.png,/data/Datasets/F3_Block/data/train/labels/153.png,153
/data/Datasets/F3_Block/data/train/images/155.png,/data/Datasets/F3_Block/data/train/labels/155.png,155
/data/Datasets/F3_Block/data/train/images/156.png,/data/Datasets/F3_Block/data/train/labels/156.png,156
/data/Datasets/F3_Block/data/train/images/157.png,/data/Datasets/F3_Block/data/train/labels/157.png,157
/data/Datasets/F3_Block/data/train/images/158.png,/data/Datasets/F3_Block/data/train/labels/158.png,158
/data/Datasets/F3_Block/data/train/images/159.png,/data/Datasets/F3_Block/data/train/labels/159.png,159
/data/Datasets/F3_Block/data/train/images/16.png,/data/Datasets/F3_Block/data/train/labels/16.png,16
/data/Datasets/F3_Block/data/train/images/160.png,/data/Datasets/F3_Block/data/train/labels/160.png,160
/data/Datasets/F3_Block/data/train/images/161.png,/data/Datasets/F3_Block/data/train/labels/161.png,161
/data/Datasets/F3_Block/data/train/images/162.png,/data/Datasets/F3_Block/data/train/labels/162.png,162
/data/Datasets/F3_Block/data/train/images/163.png,/data/Datasets/F3_Block/data/train/labels/163.png,163
/data/Datasets/F3_Block/data/train/images/164.png,/data/Datasets/F3_Block/data/train/labels/164.png,164
/data/Datasets/F3_Block/data/train/images/165.png,/data/Datasets/F3_Block/data/train/labels/165.png,165
/data/Datasets/F3_Block/data/train/images/166.png,/data/Datasets/F3_Block/data/train/labels/166.png,166
/data/Datasets/F3_Block/data/train/images/167.png,/data/Datasets/F3_Block/data/train/labels/167.png,167
/data/Datasets/F3_Block/data/train/images/168.png,/data/Datasets/F3_Block/data/train/labels/168.png,168
/data/Datasets/F3_Block/data/train/images/169.png,/data/Datasets/F3_Block/data/train/labels/169.png,169
/data/Datasets/F3_Block/data/train/images/17.png,/data/Datasets/F3_Block/data/train/labels/17.png,17
/data/Datasets/F3_Block/data/train/images/170.png,/data/Datasets/F3_Block/data/train/labels/170.png,170
/data/Datasets/F3_Block/data/train/images/171.png,/data/Datasets/F3_Block/data/train/labels/171.png,171
/data/Datasets/F3_Block/data/train/images/172.png,/data/Datasets/F3_Block/data/train/labels/172.png,172
/data/Datasets/F3_Block/data/train/images/174.png,/data/Datasets/F3_Block/data/train/labels/174.png,174
/data/Datasets/F3_Block/data/train/images/175.png,/data/Datasets/F3_Block/data/train/labels/175.png,175
/data/Datasets/F3_Block/data/train/images/176.png,/data/Datasets/F3_Block/data/train/labels/176.png,176
/data/Datasets/F3_Block/data/train/images/177.png,/data/Datasets/F3_Block/data/train/labels/177.png,177
/data/Datasets/F3_Block/data/train/images/178.png,/data/Datasets/F3_Block/data/train/labels/178.png,178
/data/Datasets/F3_Block/data/train/images/179.png,/data/Datasets/F3_Block/data/train/labels/179.png,179
/data/Datasets/F3_Block/data/train/images/18.png,/data/Datasets/F3_Block/data/train/labels/18.png,18
/data/Datasets/F3_Block/data/train/images/180.png,/data/Datasets/F3_Block/data/train/labels/180.png,180
/data/Datasets/F3_Block/data/train/images/181.png,/data/Datasets/F3_Block/data/train/labels/181.png,181
/data/Datasets/F3_Block/data/train/images/182.png,/data/Datasets/F3_Block/data/train/labels/182.png,182
/data/Datasets/F3_Block/data/train/images/183.png,/data/Datasets/F3_Block/data/train/labels/183.png,183
/data/Datasets/F3_Block/data/train/images/184.png,/data/Datasets/F3_Block/data/train/labels/184.png,184
/data/Datasets/F3_Block/data/train/images/185.png,/data/Datasets/F3_Block/data/train/labels/185.png,185
/data/Datasets/F3_Block/data/train/images/186.png,/data/Datasets/F3_Block/data/train/labels/186.png,186
/data/Datasets/F3_Block/data/train/images/187.png,/data/Datasets/F3_Block/data/train/labels/187.png,187
/data/Datasets/F3_Block/data/train/images/188.png,/data/Datasets/F3_Block/data/train/labels/188.png,188
/data/Datasets/F3_Block/data/train/images/189.png,/data/Datasets/F3_Block/data/train/labels/189.png,189
/data/Datasets/F3_Block/data/train/images/19.png,/data/Datasets/F3_Block/data/train/labels/19.png,19
/data/Datasets/F3_Block/data/train/images/190.png,/data/Datasets/F3_Block/data/train/labels/190.png,190
/data/Datasets/F3_Block/data/train/images/191.png,/data/Datasets/F3_Block/data/train/labels/191.png,191
/data/Datasets/F3_Block/data/train/images/193.png,/data/Datasets/F3_Block/data/train/labels/193.png,193
/data/Datasets/F3_Block/data/train/images/194.png,/data/Datasets/F3_Block/data/train/labels/194.png,194
/data/Datasets/F3_Block/data/train/images/195.png,/data/Datasets/F3_Block/data/train/labels/195.png,195
/data/Datasets/F3_Block/data/train/images/196.png,/data/Datasets/F3_Block/data/train/labels/196.png,196
/data/Datasets/F3_Block/data/train/images/197.png,/data/Datasets/F3_Block/data/train/labels/197.png,197
/data/Datasets/F3_Block/data/train/images/198.png,/data/Datasets/F3_Block/data/train/labels/198.png,198
/data/Datasets/F3_Block/data/train/images/199.png,/data/Datasets/F3_Block/data/train/labels/199.png,199
/data/Datasets/F3_Block/data/train/images/2.png,/data/Datasets/F3_Block/data/train/labels/2.png,2
/data/Datasets/F3_Block/data/train/images/20.png,/data/Datasets/F3_Block/data/train/labels/20.png,20
/data/Datasets/F3_Block/data/train/images/200.png,/data/Datasets/F3_Block/data/train/labels/200.png,200
/data/Datasets/F3_Block/data/train/images/201.png,/data/Datasets/F3_Block/data/train/labels/201.png,201
/data/Datasets/F3_Block/data/train/images/202.png,/data/Datasets/F3_Block/data/train/labels/202.png,202
/data/Datasets/F3_Block/data/train/images/203.png,/data/Datasets/F3_Block/data/train/labels/203.png,203
/data/Datasets/F3_Block/data/train/images/204.png,/data/Datasets/F3_Block/data/train/labels/204.png,204
/data/Datasets/F3_Block/data/train/images/205.png,/data/Datasets/F3_Block/data/train/labels/205.png,205
/data/Datasets/F3_Block/data/train/images/206.png,/data/Datasets/F3_Block/data/train/labels/206.png,206
/data/Datasets/F3_Block/data/train/images/207.png,/data/Datasets/F3_Block/data/train/labels/207.png,207
/data/Datasets/F3_Block/data/train/images/208.png,/data/Datasets/F3_Block/data/train/labels/208.png,208
/data/Datasets/F3_Block/data/train/images/209.png,/data/Datasets/F3_Block/data/train/labels/209.png,209
/data/Datasets/F3_Block/data/train/images/21.png,/data/Datasets/F3_Block/data/train/labels/21.png,21
/data/Datasets/F3_Block/data/train/images/211.png,/data/Datasets/F3_Block/data/train/labels/211.png,211
/data/Datasets/F3_Block/data/train/images/212.png,/data/Datasets/F3_Block/data/train/labels/212.png,212
/data/Datasets/F3_Block/data/train/images/213.png,/data/Datasets/F3_Block/data/train/labels/213.png,213
/data/Datasets/F3_Block/data/train/images/214.png,/data/Datasets/F3_Block/data/train/labels/214.png,214
/data/Datasets/F3_Block/data/train/images/215.png,/data/Datasets/F3_Block/data/train/labels/215.png,215
/data/Datasets/F3_Block/data/train/images/216.png,/data/Datasets/F3_Block/data/train/labels/216.png,216
/data/Datasets/F3_Block/data/train/images/217.png,/data/Datasets/F3_Block/data/train/labels/217.png,217
/data/Datasets/F3_Block/data/train/images/218.png,/data/Datasets/F3_Block/data/train/labels/218.png,218
/data/Datasets/F3_Block/data/train/images/219.png,/data/Datasets/F3_Block/data/train/labels/219.png,219
/data/Datasets/F3_Block/data/train/images/22.png,/data/Datasets/F3_Block/data/train/labels/22.png,22
/data/Datasets/F3_Block/data/train/images/220.png,/data/Datasets/F3_Block/data/train/labels/220.png,220
/data/Datasets/F3_Block/data/train/images/221.png,/data/Datasets/F3_Block/data/train/labels/221.png,221
/data/Datasets/F3_Block/data/train/images/222.png,/data/Datasets/F3_Block/data/train/labels/222.png,222
/data/Datasets/F3_Block/data/train/images/223.png,/data/Datasets/F3_Block/data/train/labels/223.png,223
/data/Datasets/F3_Block/data/train/images/224.png,/data/Datasets/F3_Block/data/train/labels/224.png,224
/data/Datasets/F3_Block/data/train/images/225.png,/data/Datasets/F3_Block/data/train/labels/225.png,225
/data/Datasets/F3_Block/data/train/images/226.png,/data/Datasets/F3_Block/data/train/labels/226.png,226
/data/Datasets/F3_Block/data/train/images/227.png,/data/Datasets/F3_Block/data/train/labels/227.png,227
/data/Datasets/F3_Block/data/train/images/228.png,/data/Datasets/F3_Block/data/train/labels/228.png,228
/data/Datasets/F3_Block/data/train/images/229.png,/data/Datasets/F3_Block/data/train/labels/229.png,229
/data/Datasets/F3_Block/data/train/images/230.png,/data/Datasets/F3_Block/data/train/labels/230.png,230
/data/Datasets/F3_Block/data/train/images/231.png,/data/Datasets/F3_Block/data/train/labels/231.png,231
/data/Datasets/F3_Block/data/train/images/232.png,/data/Datasets/F3_Block/data/train/labels/232.png,232
/data/Datasets/F3_Block/data/train/images/233.png,/data/Datasets/F3_Block/data/train/labels/233.png,233
/data/Datasets/F3_Block/data/train/images/234.png,/data/Datasets/F3_Block/data/train/labels/234.png,234
/data/Datasets/F3_Block/data/train/images/235.png,/data/Datasets/F3_Block/data/train/labels/235.png,235
/data/Datasets/F3_Block/data/train/images/236.png,/data/Datasets/F3_Block/data/train/labels/236.png,236
/data/Datasets/F3_Block/data/train/images/237.png,/data/Datasets/F3_Block/data/train/labels/237.png,237
/data/Datasets/F3_Block/data/train/images/238.png,/data/Datasets/F3_Block/data/train/labels/238.png,238
/data/Datasets/F3_Block/data/train/images/239.png,/data/Datasets/F3_Block/data/train/labels/239.png,239
/data/Datasets/F3_Block/data/train/images/24.png,/data/Datasets/F3_Block/data/train/labels/24.png,24
/data/Datasets/F3_Block/data/train/images/240.png,/data/Datasets/F3_Block/data/train/labels/240.png,240
/data/Datasets/F3_Block/data/train/images/241.png,/data/Datasets/F3_Block/data/train/labels/241.png,241
/data/Datasets/F3_Block/data/train/images/242.png,/data/Datasets/F3_Block/data/train/labels/242.png,242
/data/Datasets/F3_Block/data/train/images/243.png,/data/Datasets/F3_Block/data/train/labels/243.png,243
/data/Datasets/F3_Block/data/train/images/244.png,/data/Datasets/F3_Block/data/train/labels/244.png,244
/data/Datasets/F3_Block/data/train/images/245.png,/data/Datasets/F3_Block/data/train/labels/245.png,245
/data/Datasets/F3_Block/data/train/images/246.png,/data/Datasets/F3_Block/data/train/labels/246.png,246
/data/Datasets/F3_Block/data/train/images/247.png,/data/Datasets/F3_Block/data/train/labels/247.png,247
/data/Datasets/F3_Block/data/train/images/248.png,/data/Datasets/F3_Block/data/train/labels/248.png,248
/data/Datasets/F3_Block/data/train/images/25.png,/data/Datasets/F3_Block/data/train/labels/25.png,25
/data/Datasets/F3_Block/data/train/images/250.png,/data/Datasets/F3_Block/data/train/labels/250.png,250
/data/Datasets/F3_Block/data/train/images/251.png,/data/Datasets/F3_Block/data/train/labels/251.png,251
/data/Datasets/F3_Block/data/train/images/252.png,/data/Datasets/F3_Block/data/train/labels/252.png,252
/data/Datasets/F3_Block/data/train/images/253.png,/data/Datasets/F3_Block/data/train/labels/253.png,253
/data/Datasets/F3_Block/data/train/images/254.png,/data/Datasets/F3_Block/data/train/labels/254.png,254
/data/Datasets/F3_Block/data/train/images/255.png,/data/Datasets/F3_Block/data/train/labels/255.png,255
/data/Datasets/F3_Block/data/train/images/256.png,/data/Datasets/F3_Block/data/train/labels/256.png,256
/data/Datasets/F3_Block/data/train/images/257.png,/data/Datasets/F3_Block/data/train/labels/257.png,257
/data/Datasets/F3_Block/data/train/images/258.png,/data/Datasets/F3_Block/data/train/labels/258.png,258
/data/Datasets/F3_Block/data/train/images/259.png,/data/Datasets/F3_Block/data/train/labels/259.png,259
/data/Datasets/F3_Block/data/train/images/26.png,/data/Datasets/F3_Block/data/train/labels/26.png,26
/data/Datasets/F3_Block/data/train/images/260.png,/data/Datasets/F3_Block/data/train/labels/260.png,260
/data/Datasets/F3_Block/data/train/images/261.png,/data/Datasets/F3_Block/data/train/labels/261.png,261
/data/Datasets/F3_Block/data/train/images/262.png,/data/Datasets/F3_Block/data/train/labels/262.png,262
/data/Datasets/F3_Block/data/train/images/263.png,/data/Datasets/F3_Block/data/train/labels/263.png,263
/data/Datasets/F3_Block/data/train/images/264.png,/data/Datasets/F3_Block/data/train/labels/264.png,264
/data/Datasets/F3_Block/data/train/images/265.png,/data/Datasets/F3_Block/data/train/labels/265.png,265
/data/Datasets/F3_Block/data/train/images/266.png,/data/Datasets/F3_Block/data/train/labels/266.png,266
/data/Datasets/F3_Block/data/train/images/267.png,/data/Datasets/F3_Block/data/train/labels/267.png,267
/data/Datasets/F3_Block/data/train/images/268.png,/data/Datasets/F3_Block/data/train/labels/268.png,268
/data/Datasets/F3_Block/data/train/images/269.png,/data/Datasets/F3_Block/data/train/labels/269.png,269
/data/Datasets/F3_Block/data/train/images/29.png,/data/Datasets/F3_Block/data/train/labels/29.png,29
/data/Datasets/F3_Block/data/train/images/290.png,/data/Datasets/F3_Block/data/train/labels/290.png,290
/data/Datasets/F3_Block/data/train/images/291.png,/data/Datasets/F3_Block/data/train/labels/291.png,291
/data/Datasets/F3_Block/data/train/images/292.png,/data/Datasets/F3_Block/data/train/labels/292.png,292
/data/Datasets/F3_Block/data/train/images/293.png,/data/Datasets/F3_Block/data/train/labels/293.png,293
/data/Datasets/F3_Block/data/train/images/294.png,/data/Datasets/F3_Block/data/train/labels/294.png,294
/data/Datasets/F3_Block/data/train/images/295.png,/data/Datasets/F3_Block/data/train/labels/295.png,295
/data/Datasets/F3_Block/data/train/images/296.png,/data/Datasets/F3_Block/data/train/labels/296.png,296
/data/Datasets/F3_Block/data/train/images/297.png,/data/Datasets/F3_Block/data/train/labels/297.png,297
/data/Datasets/F3_Block/data/train/images/298.png,/data/Datasets/F3_Block/data/train/labels/298.png,298
/data/Datasets/F3_Block/data/train/images/299.png,/data/Datasets/F3_Block/data/train/labels/299.png,299
/data/Datasets/F3_Block/data/train/images/3.png,/data/Datasets/F3_Block/data/train/labels/3.png,3
/data/Datasets/F3_Block/data/train/images/30.png,/data/Datasets/F3_Block/data/train/labels/30.png,30
/data/Datasets/F3_Block/data/train/images/300.png,/data/Datasets/F3_Block/data/train/labels/300.png,300
/data/Datasets/F3_Block/data/train/images/301.png,/data/Datasets/F3_Block/data/train/labels/301.png,301
/data/Datasets/F3_Block/data/train/images/302.png,/data/Datasets/F3_Block/data/train/labels/302.png,302
/data/Datasets/F3_Block/data/train/images/303.png,/data/Datasets/F3_Block/data/train/labels/303.png,303
/data/Datasets/F3_Block/data/train/images/304.png,/data/Datasets/F3_Block/data/train/labels/304.png,304
/data/Datasets/F3_Block/data/train/images/305.png,/data/Datasets/F3_Block/data/train/labels/305.png,305
/data/Datasets/F3_Block/data/train/images/306.png,/data/Datasets/F3_Block/data/train/labels/306.png,306
/data/Datasets/F3_Block/data/train/images/308.png,/data/Datasets/F3_Block/data/train/labels/308.png,308
/data/Datasets/F3_Block/data/train/images/309.png,/data/Datasets/F3_Block/data/train/labels/309.png,309
/data/Datasets/F3_Block/data/train/images/31.png,/data/Datasets/F3_Block/data/train/labels/31.png,31
/data/Datasets/F3_Block/data/train/images/310.png,/data/Datasets/F3_Block/data/train/labels/310.png,310
/data/Datasets/F3_Block/data/train/images/311.png,/data/Datasets/F3_Block/data/train/labels/311.png,311
/data/Datasets/F3_Block/data/train/images/312.png,/data/Datasets/F3_Block/data/train/labels/312.png,312
/data/Datasets/F3_Block/data/train/images/313.png,/data/Datasets/F3_Block/data/train/labels/313.png,313
/data/Datasets/F3_Block/data/train/images/314.png,/data/Datasets/F3_Block/data/train/labels/314.png,314
/data/Datasets/F3_Block/data/train/images/315.png,/data/Datasets/F3_Block/data/train/labels/315.png,315
/data/Datasets/F3_Block/data/train/images/316.png,/data/Datasets/F3_Block/data/train/labels/316.png,316
/data/Datasets/F3_Block/data/train/images/317.png,/data/Datasets/F3_Block/data/train/labels/317.png,317
/data/Datasets/F3_Block/data/train/images/318.png,/data/Datasets/F3_Block/data/train/labels/318.png,318
/data/Datasets/F3_Block/data/train/images/319.png,/data/Datasets/F3_Block/data/train/labels/319.png,319
/data/Datasets/F3_Block/data/train/images/32.png,/data/Datasets/F3_Block/data/train/labels/32.png,32
/data/Datasets/F3_Block/data/train/images/320.png,/data/Datasets/F3_Block/data/train/labels/320.png,320
/data/Datasets/F3_Block/data/train/images/321.png,/data/Datasets/F3_Block/data/train/labels/321.png,321
/data/Datasets/F3_Block/data/train/images/322.png,/data/Datasets/F3_Block/data/train/labels/322.png,322
/data/Datasets/F3_Block/data/train/images/323.png,/data/Datasets/F3_Block/data/train/labels/323.png,323
/data/Datasets/F3_Block/data/train/images/324.png,/data/Datasets/F3_Block/data/train/labels/324.png,324
/data/Datasets/F3_Block/data/train/images/325.png,/data/Datasets/F3_Block/data/train/labels/325.png,325
/data/Datasets/F3_Block/data/train/images/327.png,/data/Datasets/F3_Block/data/train/labels/327.png,327
/data/Datasets/F3_Block/data/train/images/328.png,/data/Datasets/F3_Block/data/train/labels/328.png,328
/data/Datasets/F3_Block/data/train/images/329.png,/data/Datasets/F3_Block/data/train/labels/329.png,329
/data/Datasets/F3_Block/data/train/images/33.png,/data/Datasets/F3_Block/data/train/labels/33.png,33
/data/Datasets/F3_Block/data/train/images/330.png,/data/Datasets/F3_Block/data/train/labels/330.png,330
/data/Datasets/F3_Block/data/train/images/331.png,/data/Datasets/F3_Block/data/train/labels/331.png,331
/data/Datasets/F3_Block/data/train/images/332.png,/data/Datasets/F3_Block/data/train/labels/332.png,332
/data/Datasets/F3_Block/data/train/images/333.png,/data/Datasets/F3_Block/data/train/labels/333.png,333
/data/Datasets/F3_Block/data/train/images/334.png,/data/Datasets/F3_Block/data/train/labels/334.png,334
/data/Datasets/F3_Block/data/train/images/335.png,/data/Datasets/F3_Block/data/train/labels/335.png,335
/data/Datasets/F3_Block/data/train/images/336.png,/data/Datasets/F3_Block/data/train/labels/336.png,336
/data/Datasets/F3_Block/data/train/images/337.png,/data/Datasets/F3_Block/data/train/labels/337.png,337
/data/Datasets/F3_Block/data/train/images/338.png,/data/Datasets/F3_Block/data/train/labels/338.png,338
/data/Datasets/F3_Block/data/train/images/339.png,/data/Datasets/F3_Block/data/train/labels/339.png,339
/data/Datasets/F3_Block/data/train/images/34.png,/data/Datasets/F3_Block/data/train/labels/34.png,34
/data/Datasets/F3_Block/data/train/images/340.png,/data/Datasets/F3_Block/data/train/labels/340.png,340
/data/Datasets/F3_Block/data/train/images/341.png,/data/Datasets/F3_Block/data/train/labels/341.png,341
/data/Datasets/F3_Block/data/train/images/342.png,/data/Datasets/F3_Block/data/train/labels/342.png,342
/data/Datasets/F3_Block/data/train/images/343.png,/data/Datasets/F3_Block/data/train/labels/343.png,343
/data/Datasets/F3_Block/data/train/images/344.png,/data/Datasets/F3_Block/data/train/labels/344.png,344
/data/Datasets/F3_Block/data/train/images/346.png,/data/Datasets/F3_Block/data/train/labels/346.png,346
/data/Datasets/F3_Block/data/train/images/347.png,/data/Datasets/F3_Block/data/train/labels/347.png,347
/data/Datasets/F3_Block/data/train/images/348.png,/data/Datasets/F3_Block/data/train/labels/348.png,348
/data/Datasets/F3_Block/data/train/images/349.png,/data/Datasets/F3_Block/data/train/labels/349.png,349
/data/Datasets/F3_Block/data/train/images/35.png,/data/Datasets/F3_Block/data/train/labels/35.png,35
/data/Datasets/F3_Block/data/train/images/350.png,/data/Datasets/F3_Block/data/train/labels/350.png,350
/data/Datasets/F3_Block/data/train/images/351.png,/data/Datasets/F3_Block/data/train/labels/351.png,351
/data/Datasets/F3_Block/data/train/images/352.png,/data/Datasets/F3_Block/data/train/labels/352.png,352
/data/Datasets/F3_Block/data/train/images/353.png,/data/Datasets/F3_Block/data/train/labels/353.png,353
/data/Datasets/F3_Block/data/train/images/354.png,/data/Datasets/F3_Block/data/train/labels/354.png,354
/data/Datasets/F3_Block/data/train/images/355.png,/data/Datasets/F3_Block/data/train/labels/355.png,355
/data/Datasets/F3_Block/data/train/images/356.png,/data/Datasets/F3_Block/data/train/labels/356.png,356
/data/Datasets/F3_Block/data/train/images/357.png,/data/Datasets/F3_Block/data/train/labels/357.png,357
/data/Datasets/F3_Block/data/train/images/358.png,/data/Datasets/F3_Block/data/train/labels/358.png,358
/data/Datasets/F3_Block/data/train/images/359.png,/data/Datasets/F3_Block/data/train/labels/359.png,359
/data/Datasets/F3_Block/data/train/images/36.png,/data/Datasets/F3_Block/data/train/labels/36.png,36
/data/Datasets/F3_Block/data/train/images/360.png,/data/Datasets/F3_Block/data/train/labels/360.png,360
/data/Datasets/F3_Block/data/train/images/361.png,/data/Datasets/F3_Block/data/train/labels/361.png,361
/data/Datasets/F3_Block/data/train/images/362.png,/data/Datasets/F3_Block/data/train/labels/362.png,362
/data/Datasets/F3_Block/data/train/images/363.png,/data/Datasets/F3_Block/data/train/labels/363.png,363
/data/Datasets/F3_Block/data/train/images/365.png,/data/Datasets/F3_Block/data/train/labels/365.png,365
/data/Datasets/F3_Block/data/train/images/366.png,/data/Datasets/F3_Block/data/train/labels/366.png,366
/data/Datasets/F3_Block/data/train/images/367.png,/data/Datasets/F3_Block/data/train/labels/367.png,367
/data/Datasets/F3_Block/data/train/images/368.png,/data/Datasets/F3_Block/data/train/labels/368.png,368
/data/Datasets/F3_Block/data/train/images/369.png,/data/Datasets/F3_Block/data/train/labels/369.png,369
/data/Datasets/F3_Block/data/train/images/37.png,/data/Datasets/F3_Block/data/train/labels/37.png,37
/data/Datasets/F3_Block/data/train/images/370.png,/data/Datasets/F3_Block/data/train/labels/370.png,370
/data/Datasets/F3_Block/data/train/images/371.png,/data/Datasets/F3_Block/data/train/labels/371.png,371
/data/Datasets/F3_Block/data/train/images/372.png,/data/Datasets/F3_Block/data/train/labels/372.png,372
/data/Datasets/F3_Block/data/train/images/373.png,/data/Datasets/F3_Block/data/train/labels/373.png,373
/data/Datasets/F3_Block/data/train/images/374.png,/data/Datasets/F3_Block/data/train/labels/374.png,374
/data/Datasets/F3_Block/data/train/images/375.png,/data/Datasets/F3_Block/data/train/labels/375.png,375
/data/Datasets/F3_Block/data/train/images/376.png,/data/Datasets/F3_Block/data/train/labels/376.png,376
/data/Datasets/F3_Block/data/train/images/377.png,/data/Datasets/F3_Block/data/train/labels/377.png,377
/data/Datasets/F3_Block/data/train/images/378.png,/data/Datasets/F3_Block/data/train/labels/378.png,378
/data/Datasets/F3_Block/data/train/images/379.png,/data/Datasets/F3_Block/data/train/labels/379.png,379
/data/Datasets/F3_Block/data/train/images/38.png,/data/Datasets/F3_Block/data/train/labels/38.png,38
/data/Datasets/F3_Block/data/train/images/380.png,/data/Datasets/F3_Block/data/train/labels/380.png,380
/data/Datasets/F3_Block/data/train/images/381.png,/data/Datasets/F3_Block/data/train/labels/381.png,381
/data/Datasets/F3_Block/data/train/images/382.png,/data/Datasets/F3_Block/data/train/labels/382.png,382
/data/Datasets/F3_Block/data/train/images/384.png,/data/Datasets/F3_Block/data/train/labels/384.png,384
/data/Datasets/F3_Block/data/train/images/385.png,/data/Datasets/F3_Block/data/train/labels/385.png,385
/data/Datasets/F3_Block/data/train/images/386.png,/data/Datasets/F3_Block/data/train/labels/386.png,386
/data/Datasets/F3_Block/data/train/images/387.png,/data/Datasets/F3_Block/data/train/labels/387.png,387
/data/Datasets/F3_Block/data/train/images/388.png,/data/Datasets/F3_Block/data/train/labels/388.png,388
/data/Datasets/F3_Block/data/train/images/389.png,/data/Datasets/F3_Block/data/train/labels/389.png,389
/data/Datasets/F3_Block/data/train/images/39.png,/data/Datasets/F3_Block/data/train/labels/39.png,39
/data/Datasets/F3_Block/data/train/images/390.png,/data/Datasets/F3_Block/data/train/labels/390.png,390
/data/Datasets/F3_Block/data/train/images/391.png,/data/Datasets/F3_Block/data/train/labels/391.png,391
/data/Datasets/F3_Block/data/train/images/392.png,/data/Datasets/F3_Block/data/train/labels/392.png,392
/data/Datasets/F3_Block/data/train/images/393.png,/data/Datasets/F3_Block/data/train/labels/393.png,393
/data/Datasets/F3_Block/data/train/images/394.png,/data/Datasets/F3_Block/data/train/labels/394.png,394
/data/Datasets/F3_Block/data/train/images/395.png,/data/Datasets/F3_Block/data/train/labels/395.png,395
/data/Datasets/F3_Block/data/train/images/396.png,/data/Datasets/F3_Block/data/train/labels/396.png,396
/data/Datasets/F3_Block/data/train/images/397.png,/data/Datasets/F3_Block/data/train/labels/397.png,397
/data/Datasets/F3_Block/data/train/images/398.png,/data/Datasets/F3_Block/data/train/labels/398.png,398
/data/Datasets/F3_Block/data/train/images/399.png,/data/Datasets/F3_Block/data/train/labels/399.png,399
/data/Datasets/F3_Block/data/train/images/4.png,/data/Datasets/F3_Block/data/train/labels/4.png,4
/data/Datasets/F3_Block/data/train/images/40.png,/data/Datasets/F3_Block/data/train/labels/40.png,40
/data/Datasets/F3_Block/data/train/images/400.png,/data/Datasets/F3_Block/data/train/labels/400.png,400
/data/Datasets/F3_Block/data/train/images/402.png,/data/Datasets/F3_Block/data/train/labels/402.png,402
/data/Datasets/F3_Block/data/train/images/403.png,/data/Datasets/F3_Block/data/train/labels/403.png,403
/data/Datasets/F3_Block/data/train/images/404.png,/data/Datasets/F3_Block/data/train/labels/404.png,404
/data/Datasets/F3_Block/data/train/images/405.png,/data/Datasets/F3_Block/data/train/labels/405.png,405
/data/Datasets/F3_Block/data/train/images/406.png,/data/Datasets/F3_Block/data/train/labels/406.png,406
/data/Datasets/F3_Block/data/train/images/407.png,/data/Datasets/F3_Block/data/train/labels/407.png,407
/data/Datasets/F3_Block/data/train/images/408.png,/data/Datasets/F3_Block/data/train/labels/408.png,408
/data/Datasets/F3_Block/data/train/images/409.png,/data/Datasets/F3_Block/data/train/labels/409.png,409
/data/Datasets/F3_Block/data/train/images/41.png,/data/Datasets/F3_Block/data/train/labels/41.png,41
/data/Datasets/F3_Block/data/train/images/410.png,/data/Datasets/F3_Block/data/train/labels/410.png,410
/data/Datasets/F3_Block/data/train/images/411.png,/data/Datasets/F3_Block/data/train/labels/411.png,411
/data/Datasets/F3_Block/data/train/images/412.png,/data/Datasets/F3_Block/data/train/labels/412.png,412
/data/Datasets/F3_Block/data/train/images/413.png,/data/Datasets/F3_Block/data/train/labels/413.png,413
/data/Datasets/F3_Block/data/train/images/414.png,/data/Datasets/F3_Block/data/train/labels/414.png,414
/data/Datasets/F3_Block/data/train/images/415.png,/data/Datasets/F3_Block/data/train/labels/415.png,415
/data/Datasets/F3_Block/data/train/images/416.png,/data/Datasets/F3_Block/data/train/labels/416.png,416
/data/Datasets/F3_Block/data/train/images/417.png,/data/Datasets/F3_Block/data/train/labels/417.png,417
/data/Datasets/F3_Block/data/train/images/418.png,/data/Datasets/F3_Block/data/train/labels/418.png,418
/data/Datasets/F3_Block/data/train/images/419.png,/data/Datasets/F3_Block/data/train/labels/419.png,419
/data/Datasets/F3_Block/data/train/images/42.png,/data/Datasets/F3_Block/data/train/labels/42.png,42
/data/Datasets/F3_Block/data/train/images/421.png,/data/Datasets/F3_Block/data/train/labels/421.png,421
/data/Datasets/F3_Block/data/train/images/422.png,/data/Datasets/F3_Block/data/train/labels/422.png,422
/data/Datasets/F3_Block/data/train/images/423.png,/data/Datasets/F3_Block/data/train/labels/423.png,423
/data/Datasets/F3_Block/data/train/images/424.png,/data/Datasets/F3_Block/data/train/labels/424.png,424
/data/Datasets/F3_Block/data/train/images/425.png,/data/Datasets/F3_Block/data/train/labels/425.png,425
/data/Datasets/F3_Block/data/train/images/426.png,/data/Datasets/F3_Block/data/train/labels/426.png,426
/data/Datasets/F3_Block/data/train/images/427.png,/data/Datasets/F3_Block/data/train/labels/427.png,427
/data/Datasets/F3_Block/data/train/images/428.png,/data/Datasets/F3_Block/data/train/labels/428.png,428
/data/Datasets/F3_Block/data/train/images/429.png,/data/Datasets/F3_Block/data/train/labels/429.png,429
/data/Datasets/F3_Block/data/train/images/43.png,/data/Datasets/F3_Block/data/train/labels/43.png,43
/data/Datasets/F3_Block/data/train/images/430.png,/data/Datasets/F3_Block/data/train/labels/430.png,430
/data/Datasets/F3_Block/data/train/images/431.png,/data/Datasets/F3_Block/data/train/labels/431.png,431
/data/Datasets/F3_Block/data/train/images/432.png,/data/Datasets/F3_Block/data/train/labels/432.png,432
/data/Datasets/F3_Block/data/train/images/433.png,/data/Datasets/F3_Block/data/train/labels/433.png,433
/data/Datasets/F3_Block/data/train/images/434.png,/data/Datasets/F3_Block/data/train/labels/434.png,434
/data/Datasets/F3_Block/data/train/images/435.png,/data/Datasets/F3_Block/data/train/labels/435.png,435
/data/Datasets/F3_Block/data/train/images/436.png,/data/Datasets/F3_Block/data/train/labels/436.png,436
/data/Datasets/F3_Block/data/train/images/437.png,/data/Datasets/F3_Block/data/train/labels/437.png,437
/data/Datasets/F3_Block/data/train/images/438.png,/data/Datasets/F3_Block/data/train/labels/438.png,438
/data/Datasets/F3_Block/data/train/images/439.png,/data/Datasets/F3_Block/data/train/labels/439.png,439
/data/Datasets/F3_Block/data/train/images/440.png,/data/Datasets/F3_Block/data/train/labels/440.png,440
/data/Datasets/F3_Block/data/train/images/441.png,/data/Datasets/F3_Block/data/train/labels/441.png,441
/data/Datasets/F3_Block/data/train/images/442.png,/data/Datasets/F3_Block/data/train/labels/442.png,442
/data/Datasets/F3_Block/data/train/images/443.png,/data/Datasets/F3_Block/data/train/labels/443.png,443
/data/Datasets/F3_Block/data/train/images/444.png,/data/Datasets/F3_Block/data/train/labels/444.png,444
/data/Datasets/F3_Block/data/train/images/445.png,/data/Datasets/F3_Block/data/train/labels/445.png,445
/data/Datasets/F3_Block/data/train/images/446.png,/data/Datasets/F3_Block/data/train/labels/446.png,446
/data/Datasets/F3_Block/data/train/images/447.png,/data/Datasets/F3_Block/data/train/labels/447.png,447
/data/Datasets/F3_Block/data/train/images/448.png,/data/Datasets/F3_Block/data/train/labels/448.png,448
/data/Datasets/F3_Block/data/train/images/449.png,/data/Datasets/F3_Block/data/train/labels/449.png,449
/data/Datasets/F3_Block/data/train/images/45.png,/data/Datasets/F3_Block/data/train/labels/45.png,45
/data/Datasets/F3_Block/data/train/images/450.png,/data/Datasets/F3_Block/data/train/labels/450.png,450
/data/Datasets/F3_Block/data/train/images/451.png,/data/Datasets/F3_Block/data/train/labels/451.png,451
/data/Datasets/F3_Block/data/train/images/452.png,/data/Datasets/F3_Block/data/train/labels/452.png,452
/data/Datasets/F3_Block/data/train/images/453.png,/data/Datasets/F3_Block/data/train/labels/453.png,453
/data/Datasets/F3_Block/data/train/images/454.png,/data/Datasets/F3_Block/data/train/labels/454.png,454
/data/Datasets/F3_Block/data/train/images/455.png,/data/Datasets/F3_Block/data/train/labels/455.png,455
/data/Datasets/F3_Block/data/train/images/456.png,/data/Datasets/F3_Block/data/train/labels/456.png,456
/data/Datasets/F3_Block/data/train/images/457.png,/data/Datasets/F3_Block/data/train/labels/457.png,457
/data/Datasets/F3_Block/data/train/images/458.png,/data/Datasets/F3_Block/data/train/labels/458.png,458
/data/Datasets/F3_Block/data/train/images/459.png,/data/Datasets/F3_Block/data/train/labels/459.png,459
/data/Datasets/F3_Block/data/train/images/48.png,/data/Datasets/F3_Block/data/train/labels/48.png,48
/data/Datasets/F3_Block/data/train/images/480.png,/data/Datasets/F3_Block/data/train/labels/480.png,480
/data/Datasets/F3_Block/data/train/images/481.png,/data/Datasets/F3_Block/data/train/labels/481.png,481
/data/Datasets/F3_Block/data/train/images/482.png,/data/Datasets/F3_Block/data/train/labels/482.png,482
/data/Datasets/F3_Block/data/train/images/483.png,/data/Datasets/F3_Block/data/train/labels/483.png,483
/data/Datasets/F3_Block/data/train/images/484.png,/data/Datasets/F3_Block/data/train/labels/484.png,484
/data/Datasets/F3_Block/data/train/images/485.png,/data/Datasets/F3_Block/data/train/labels/485.png,485
/data/Datasets/F3_Block/data/train/images/486.png,/data/Datasets/F3_Block/data/train/labels/486.png,486
/data/Datasets/F3_Block/data/train/images/487.png,/data/Datasets/F3_Block/data/train/labels/487.png,487
/data/Datasets/F3_Block/data/train/images/488.png,/data/Datasets/F3_Block/data/train/labels/488.png,488
/data/Datasets/F3_Block/data/train/images/489.png,/data/Datasets/F3_Block/data/train/labels/489.png,489
/data/Datasets/F3_Block/data/train/images/49.png,/data/Datasets/F3_Block/data/train/labels/49.png,49
/data/Datasets/F3_Block/data/train/images/490.png,/data/Datasets/F3_Block/data/train/labels/490.png,490
/data/Datasets/F3_Block/data/train/images/491.png,/data/Datasets/F3_Block/data/train/labels/491.png,491
/data/Datasets/F3_Block/data/train/images/492.png,/data/Datasets/F3_Block/data/train/labels/492.png,492
/data/Datasets/F3_Block/data/train/images/493.png,/data/Datasets/F3_Block/data/train/labels/493.png,493
/data/Datasets/F3_Block/data/train/images/494.png,/data/Datasets/F3_Block/data/train/labels/494.png,494
/data/Datasets/F3_Block/data/train/images/495.png,/data/Datasets/F3_Block/data/train/labels/495.png,495
/data/Datasets/F3_Block/data/train/images/496.png,/data/Datasets/F3_Block/data/train/labels/496.png,496
/data/Datasets/F3_Block/data/train/images/497.png,/data/Datasets/F3_Block/data/train/labels/497.png,497
/data/Datasets/F3_Block/data/train/images/499.png,/data/Datasets/F3_Block/data/train/labels/499.png,499
/data/Datasets/F3_Block/data/train/images/5.png,/data/Datasets/F3_Block/data/train/labels/5.png,5
/data/Datasets/F3_Block/data/train/images/50.png,/data/Datasets/F3_Block/data/train/labels/50.png,50
/data/Datasets/F3_Block/data/train/images/500.png,/data/Datasets/F3_Block/data/train/labels/500.png,500
/data/Datasets/F3_Block/data/train/images/501.png,/data/Datasets/F3_Block/data/train/labels/501.png,501
/data/Datasets/F3_Block/data/train/images/502.png,/data/Datasets/F3_Block/data/train/labels/502.png,502
/data/Datasets/F3_Block/data/train/images/503.png,/data/Datasets/F3_Block/data/train/labels/503.png,503
/data/Datasets/F3_Block/data/train/images/504.png,/data/Datasets/F3_Block/data/train/labels/504.png,504
/data/Datasets/F3_Block/data/train/images/505.png,/data/Datasets/F3_Block/data/train/labels/505.png,505
/data/Datasets/F3_Block/data/train/images/506.png,/data/Datasets/F3_Block/data/train/labels/506.png,506
/data/Datasets/F3_Block/data/train/images/507.png,/data/Datasets/F3_Block/data/train/labels/507.png,507
/data/Datasets/F3_Block/data/train/images/508.png,/data/Datasets/F3_Block/data/train/labels/508.png,508
/data/Datasets/F3_Block/data/train/images/509.png,/data/Datasets/F3_Block/data/train/labels/509.png,509
/data/Datasets/F3_Block/data/train/images/51.png,/data/Datasets/F3_Block/data/train/labels/51.png,51
/data/Datasets/F3_Block/data/train/images/510.png,/data/Datasets/F3_Block/data/train/labels/510.png,510
/data/Datasets/F3_Block/data/train/images/511.png,/data/Datasets/F3_Block/data/train/labels/511.png,511
/data/Datasets/F3_Block/data/train/images/512.png,/data/Datasets/F3_Block/data/train/labels/512.png,512
/data/Datasets/F3_Block/data/train/images/513.png,/data/Datasets/F3_Block/data/train/labels/513.png,513
/data/Datasets/F3_Block/data/train/images/514.png,/data/Datasets/F3_Block/data/train/labels/514.png,514
/data/Datasets/F3_Block/data/train/images/515.png,/data/Datasets/F3_Block/data/train/labels/515.png,515
/data/Datasets/F3_Block/data/train/images/517.png,/data/Datasets/F3_Block/data/train/labels/517.png,517
/data/Datasets/F3_Block/data/train/images/518.png,/data/Datasets/F3_Block/data/train/labels/518.png,518
/data/Datasets/F3_Block/data/train/images/519.png,/data/Datasets/F3_Block/data/train/labels/519.png,519
/data/Datasets/F3_Block/data/train/images/52.png,/data/Datasets/F3_Block/data/train/labels/52.png,52
/data/Datasets/F3_Block/data/train/images/520.png,/data/Datasets/F3_Block/data/train/labels/520.png,520
/data/Datasets/F3_Block/data/train/images/521.png,/data/Datasets/F3_Block/data/train/labels/521.png,521
/data/Datasets/F3_Block/data/train/images/522.png,/data/Datasets/F3_Block/data/train/labels/522.png,522
/data/Datasets/F3_Block/data/train/images/523.png,/data/Datasets/F3_Block/data/train/labels/523.png,523
/data/Datasets/F3_Block/data/train/images/524.png,/data/Datasets/F3_Block/data/train/labels/524.png,524
/data/Datasets/F3_Block/data/train/images/525.png,/data/Datasets/F3_Block/data/train/labels/525.png,525
/data/Datasets/F3_Block/data/train/images/526.png,/data/Datasets/F3_Block/data/train/labels/526.png,526
/data/Datasets/F3_Block/data/train/images/527.png,/data/Datasets/F3_Block/data/train/labels/527.png,527
/data/Datasets/F3_Block/data/train/images/528.png,/data/Datasets/F3_Block/data/train/labels/528.png,528
/data/Datasets/F3_Block/data/train/images/529.png,/data/Datasets/F3_Block/data/train/labels/529.png,529
/data/Datasets/F3_Block/data/train/images/53.png,/data/Datasets/F3_Block/data/train/labels/53.png,53
/data/Datasets/F3_Block/data/train/images/530.png,/data/Datasets/F3_Block/data/train/labels/530.png,530
/data/Datasets/F3_Block/data/train/images/531.png,/data/Datasets/F3_Block/data/train/labels/531.png,531
/data/Datasets/F3_Block/data/train/images/532.png,/data/Datasets/F3_Block/data/train/labels/532.png,532
/data/Datasets/F3_Block/data/train/images/533.png,/data/Datasets/F3_Block/data/train/labels/533.png,533
/data/Datasets/F3_Block/data/train/images/534.png,/data/Datasets/F3_Block/data/train/labels/534.png,534
/data/Datasets/F3_Block/data/train/images/536.png,/data/Datasets/F3_Block/data/train/labels/536.png,536
/data/Datasets/F3_Block/data/train/images/537.png,/data/Datasets/F3_Block/data/train/labels/537.png,537
/data/Datasets/F3_Block/data/train/images/538.png,/data/Datasets/F3_Block/data/train/labels/538.png,538
/data/Datasets/F3_Block/data/train/images/539.png,/data/Datasets/F3_Block/data/train/labels/539.png,539
/data/Datasets/F3_Block/data/train/images/54.png,/data/Datasets/F3_Block/data/train/labels/54.png,54
/data/Datasets/F3_Block/data/train/images/540.png,/data/Datasets/F3_Block/data/train/labels/540.png,540
/data/Datasets/F3_Block/data/train/images/541.png,/data/Datasets/F3_Block/data/train/labels/541.png,541
/data/Datasets/F3_Block/data/train/images/542.png,/data/Datasets/F3_Block/data/train/labels/542.png,542
/data/Datasets/F3_Block/data/train/images/543.png,/data/Datasets/F3_Block/data/train/labels/543.png,543
/data/Datasets/F3_Block/data/train/images/544.png,/data/Datasets/F3_Block/data/train/labels/544.png,544
/data/Datasets/F3_Block/data/train/images/545.png,/data/Datasets/F3_Block/data/train/labels/545.png,545
/data/Datasets/F3_Block/data/train/images/546.png,/data/Datasets/F3_Block/data/train/labels/546.png,546
/data/Datasets/F3_Block/data/train/images/547.png,/data/Datasets/F3_Block/data/train/labels/547.png,547
/data/Datasets/F3_Block/data/train/images/548.png,/data/Datasets/F3_Block/data/train/labels/548.png,548
/data/Datasets/F3_Block/data/train/images/549.png,/data/Datasets/F3_Block/data/train/labels/549.png,549
/data/Datasets/F3_Block/data/train/images/55.png,/data/Datasets/F3_Block/data/train/labels/55.png,55
/data/Datasets/F3_Block/data/train/images/550.png,/data/Datasets/F3_Block/data/train/labels/550.png,550
/data/Datasets/F3_Block/data/train/images/551.png,/data/Datasets/F3_Block/data/train/labels/551.png,551
/data/Datasets/F3_Block/data/train/images/552.png,/data/Datasets/F3_Block/data/train/labels/552.png,552
/data/Datasets/F3_Block/data/train/images/553.png,/data/Datasets/F3_Block/data/train/labels/553.png,553
/data/Datasets/F3_Block/data/train/images/555.png,/data/Datasets/F3_Block/data/train/labels/555.png,555
/data/Datasets/F3_Block/data/train/images/556.png,/data/Datasets/F3_Block/data/train/labels/556.png,556
/data/Datasets/F3_Block/data/train/images/557.png,/data/Datasets/F3_Block/data/train/labels/557.png,557
/data/Datasets/F3_Block/data/train/images/558.png,/data/Datasets/F3_Block/data/train/labels/558.png,558
/data/Datasets/F3_Block/data/train/images/559.png,/data/Datasets/F3_Block/data/train/labels/559.png,559
/data/Datasets/F3_Block/data/train/images/56.png,/data/Datasets/F3_Block/data/train/labels/56.png,56
/data/Datasets/F3_Block/data/train/images/560.png,/data/Datasets/F3_Block/data/train/labels/560.png,560
/data/Datasets/F3_Block/data/train/images/561.png,/data/Datasets/F3_Block/data/train/labels/561.png,561
/data/Datasets/F3_Block/data/train/images/562.png,/data/Datasets/F3_Block/data/train/labels/562.png,562
/data/Datasets/F3_Block/data/train/images/563.png,/data/Datasets/F3_Block/data/train/labels/563.png,563
/data/Datasets/F3_Block/data/train/images/564.png,/data/Datasets/F3_Block/data/train/labels/564.png,564
/data/Datasets/F3_Block/data/train/images/565.png,/data/Datasets/F3_Block/data/train/labels/565.png,565
/data/Datasets/F3_Block/data/train/images/566.png,/data/Datasets/F3_Block/data/train/labels/566.png,566
/data/Datasets/F3_Block/data/train/images/567.png,/data/Datasets/F3_Block/data/train/labels/567.png,567
/data/Datasets/F3_Block/data/train/images/568.png,/data/Datasets/F3_Block/data/train/labels/568.png,568
/data/Datasets/F3_Block/data/train/images/569.png,/data/Datasets/F3_Block/data/train/labels/569.png,569
/data/Datasets/F3_Block/data/train/images/57.png,/data/Datasets/F3_Block/data/train/labels/57.png,57
/data/Datasets/F3_Block/data/train/images/570.png,/data/Datasets/F3_Block/data/train/labels/570.png,570
/data/Datasets/F3_Block/data/train/images/571.png,/data/Datasets/F3_Block/data/train/labels/571.png,571
/data/Datasets/F3_Block/data/train/images/572.png,/data/Datasets/F3_Block/data/train/labels/572.png,572
/data/Datasets/F3_Block/data/train/images/574.png,/data/Datasets/F3_Block/data/train/labels/574.png,574
/data/Datasets/F3_Block/data/train/images/575.png,/data/Datasets/F3_Block/data/train/labels/575.png,575
/data/Datasets/F3_Block/data/train/images/576.png,/data/Datasets/F3_Block/data/train/labels/576.png,576
/data/Datasets/F3_Block/data/train/images/577.png,/data/Datasets/F3_Block/data/train/labels/577.png,577
/data/Datasets/F3_Block/data/train/images/578.png,/data/Datasets/F3_Block/data/train/labels/578.png,578
/data/Datasets/F3_Block/data/train/images/579.png,/data/Datasets/F3_Block/data/train/labels/579.png,579
/data/Datasets/F3_Block/data/train/images/58.png,/data/Datasets/F3_Block/data/train/labels/58.png,58
/data/Datasets/F3_Block/data/train/images/580.png,/data/Datasets/F3_Block/data/train/labels/580.png,580
/data/Datasets/F3_Block/data/train/images/581.png,/data/Datasets/F3_Block/data/train/labels/581.png,581
/data/Datasets/F3_Block/data/train/images/582.png,/data/Datasets/F3_Block/data/train/labels/582.png,582
/data/Datasets/F3_Block/data/train/images/583.png,/data/Datasets/F3_Block/data/train/labels/583.png,583
/data/Datasets/F3_Block/data/train/images/584.png,/data/Datasets/F3_Block/data/train/labels/584.png,584
/data/Datasets/F3_Block/data/train/images/585.png,/data/Datasets/F3_Block/data/train/labels/585.png,585
/data/Datasets/F3_Block/data/train/images/586.png,/data/Datasets/F3_Block/data/train/labels/586.png,586
/data/Datasets/F3_Block/data/train/images/587.png,/data/Datasets/F3_Block/data/train/labels/587.png,587
/data/Datasets/F3_Block/data/train/images/588.png,/data/Datasets/F3_Block/data/train/labels/588.png,588
/data/Datasets/F3_Block/data/train/images/589.png,/data/Datasets/F3_Block/data/train/labels/589.png,589
/data/Datasets/F3_Block/data/train/images/59.png,/data/Datasets/F3_Block/data/train/labels/59.png,59
/data/Datasets/F3_Block/data/train/images/590.png,/data/Datasets/F3_Block/data/train/labels/590.png,590
/data/Datasets/F3_Block/data/train/images/591.png,/data/Datasets/F3_Block/data/train/labels/591.png,591
/data/Datasets/F3_Block/data/train/images/593.png,/data/Datasets/F3_Block/data/train/labels/593.png,593
/data/Datasets/F3_Block/data/train/images/594.png,/data/Datasets/F3_Block/data/train/labels/594.png,594
/data/Datasets/F3_Block/data/train/images/595.png,/data/Datasets/F3_Block/data/train/labels/595.png,595
/data/Datasets/F3_Block/data/train/images/596.png,/data/Datasets/F3_Block/data/train/labels/596.png,596
/data/Datasets/F3_Block/data/train/images/597.png,/data/Datasets/F3_Block/data/train/labels/597.png,597
/data/Datasets/F3_Block/data/train/images/598.png,/data/Datasets/F3_Block/data/train/labels/598.png,598
/data/Datasets/F3_Block/data/train/images/599.png,/data/Datasets/F3_Block/data/train/labels/599.png,599
/data/Datasets/F3_Block/data/train/images/6.png,/data/Datasets/F3_Block/data/train/labels/6.png,6
/data/Datasets/F3_Block/data/train/images/60.png,/data/Datasets/F3_Block/data/train/labels/60.png,60
/data/Datasets/F3_Block/data/train/images/600.png,/data/Datasets/F3_Block/data/train/labels/600.png,600
/data/Datasets/F3_Block/data/train/images/601.png,/data/Datasets/F3_Block/data/train/labels/601.png,601
/data/Datasets/F3_Block/data/train/images/602.png,/data/Datasets/F3_Block/data/train/labels/602.png,602
/data/Datasets/F3_Block/data/train/images/603.png,/data/Datasets/F3_Block/data/train/labels/603.png,603
/data/Datasets/F3_Block/data/train/images/604.png,/data/Datasets/F3_Block/data/train/labels/604.png,604
/data/Datasets/F3_Block/data/train/images/605.png,/data/Datasets/F3_Block/data/train/labels/605.png,605
/data/Datasets/F3_Block/data/train/images/606.png,/data/Datasets/F3_Block/data/train/labels/606.png,606
/data/Datasets/F3_Block/data/train/images/607.png,/data/Datasets/F3_Block/data/train/labels/607.png,607
/data/Datasets/F3_Block/data/train/images/608.png,/data/Datasets/F3_Block/data/train/labels/608.png,608
/data/Datasets/F3_Block/data/train/images/609.png,/data/Datasets/F3_Block/data/train/labels/609.png,609
/data/Datasets/F3_Block/data/train/images/61.png,/data/Datasets/F3_Block/data/train/labels/61.png,61
/data/Datasets/F3_Block/data/train/images/611.png,/data/Datasets/F3_Block/data/train/labels/611.png,611
/data/Datasets/F3_Block/data/train/images/612.png,/data/Datasets/F3_Block/data/train/labels/612.png,612
/data/Datasets/F3_Block/data/train/images/613.png,/data/Datasets/F3_Block/data/train/labels/613.png,613
/data/Datasets/F3_Block/data/train/images/614.png,/data/Datasets/F3_Block/data/train/labels/614.png,614
/data/Datasets/F3_Block/data/train/images/615.png,/data/Datasets/F3_Block/data/train/labels/615.png,615
/data/Datasets/F3_Block/data/train/images/616.png,/data/Datasets/F3_Block/data/train/labels/616.png,616
/data/Datasets/F3_Block/data/train/images/617.png,/data/Datasets/F3_Block/data/train/labels/617.png,617
/data/Datasets/F3_Block/data/train/images/618.png,/data/Datasets/F3_Block/data/train/labels/618.png,618
/data/Datasets/F3_Block/data/train/images/619.png,/data/Datasets/F3_Block/data/train/labels/619.png,619
/data/Datasets/F3_Block/data/train/images/62.png,/data/Datasets/F3_Block/data/train/labels/62.png,62
/data/Datasets/F3_Block/data/train/images/620.png,/data/Datasets/F3_Block/data/train/labels/620.png,620
/data/Datasets/F3_Block/data/train/images/621.png,/data/Datasets/F3_Block/data/train/labels/621.png,621
/data/Datasets/F3_Block/data/train/images/622.png,/data/Datasets/F3_Block/data/train/labels/622.png,622
/data/Datasets/F3_Block/data/train/images/623.png,/data/Datasets/F3_Block/data/train/labels/623.png,623
/data/Datasets/F3_Block/data/train/images/624.png,/data/Datasets/F3_Block/data/train/labels/624.png,624
/data/Datasets/F3_Block/data/train/images/625.png,/data/Datasets/F3_Block/data/train/labels/625.png,625
/data/Datasets/F3_Block/data/train/images/626.png,/data/Datasets/F3_Block/data/train/labels/626.png,626
/data/Datasets/F3_Block/data/train/images/627.png,/data/Datasets/F3_Block/data/train/labels/627.png,627
/data/Datasets/F3_Block/data/train/images/628.png,/data/Datasets/F3_Block/data/train/labels/628.png,628
/data/Datasets/F3_Block/data/train/images/629.png,/data/Datasets/F3_Block/data/train/labels/629.png,629
/data/Datasets/F3_Block/data/train/images/630.png,/data/Datasets/F3_Block/data/train/labels/630.png,630
/data/Datasets/F3_Block/data/train/images/631.png,/data/Datasets/F3_Block/data/train/labels/631.png,631
/data/Datasets/F3_Block/data/train/images/632.png,/data/Datasets/F3_Block/data/train/labels/632.png,632
/data/Datasets/F3_Block/data/train/images/633.png,/data/Datasets/F3_Block/data/train/labels/633.png,633
/data/Datasets/F3_Block/data/train/images/634.png,/data/Datasets/F3_Block/data/train/labels/634.png,634
/data/Datasets/F3_Block/data/train/images/635.png,/data/Datasets/F3_Block/data/train/labels/635.png,635
/data/Datasets/F3_Block/data/train/images/636.png,/data/Datasets/F3_Block/data/train/labels/636.png,636
/data/Datasets/F3_Block/data/train/images/637.png,/data/Datasets/F3_Block/data/train/labels/637.png,637
/data/Datasets/F3_Block/data/train/images/638.png,/data/Datasets/F3_Block/data/train/labels/638.png,638
/data/Datasets/F3_Block/data/train/images/639.png,/data/Datasets/F3_Block/data/train/labels/639.png,639
/data/Datasets/F3_Block/data/train/images/64.png,/data/Datasets/F3_Block/data/train/labels/64.png,64
/data/Datasets/F3_Block/data/train/images/640.png,/data/Datasets/F3_Block/data/train/labels/640.png,640
/data/Datasets/F3_Block/data/train/images/641.png,/data/Datasets/F3_Block/data/train/labels/641.png,641
/data/Datasets/F3_Block/data/train/images/642.png,/data/Datasets/F3_Block/data/train/labels/642.png,642
/data/Datasets/F3_Block/data/train/images/643.png,/data/Datasets/F3_Block/data/train/labels/643.png,643
/data/Datasets/F3_Block/data/train/images/644.png,/data/Datasets/F3_Block/data/train/labels/644.png,644
/data/Datasets/F3_Block/data/train/images/645.png,/data/Datasets/F3_Block/data/train/labels/645.png,645
/data/Datasets/F3_Block/data/train/images/646.png,/data/Datasets/F3_Block/data/train/labels/646.png,646
/data/Datasets/F3_Block/data/train/images/647.png,/data/Datasets/F3_Block/data/train/labels/647.png,647
/data/Datasets/F3_Block/data/train/images/648.png,/data/Datasets/F3_Block/data/train/labels/648.png,648
/data/Datasets/F3_Block/data/train/images/649.png,/data/Datasets/F3_Block/data/train/labels/649.png,649
/data/Datasets/F3_Block/data/train/images/81.png,/data/Datasets/F3_Block/data/train/labels/81.png,81
/data/Datasets/F3_Block/data/train/images/82.png,/data/Datasets/F3_Block/data/train/labels/82.png,82
/data/Datasets/F3_Block/data/train/images/83.png,/data/Datasets/F3_Block/data/train/labels/83.png,83
/data/Datasets/F3_Block/data/train/images/84.png,/data/Datasets/F3_Block/data/train/labels/84.png,84
/data/Datasets/F3_Block/data/train/images/85.png,/data/Datasets/F3_Block/data/train/labels/85.png,85
/data/Datasets/F3_Block/data/train/images/86.png,/data/Datasets/F3_Block/data/train/labels/86.png,86
/data/Datasets/F3_Block/data/train/images/87.png,/data/Datasets/F3_Block/data/train/labels/87.png,87
/data/Datasets/F3_Block/data/train/images/88.png,/data/Datasets/F3_Block/data/train/labels/88.png,88
/data/Datasets/F3_Block/data/train/images/89.png,/data/Datasets/F3_Block/data/train/labels/89.png,89
/data/Datasets/F3_Block/data/train/images/9.png,/data/Datasets/F3_Block/data/train/labels/9.png,9
/data/Datasets/F3_Block/data/train/images/90.png,/data/Datasets/F3_Block/data/train/labels/90.png,90
/data/Datasets/F3_Block/data/train/images/91.png,/data/Datasets/F3_Block/data/train/labels/91.png,91
/data/Datasets/F3_Block/data/train/images/92.png,/data/Datasets/F3_Block/data/train/labels/92.png,92
/data/Datasets/F3_Block/data/train/images/93.png,/data/Datasets/F3_Block/data/train/labels/93.png,93
/data/Datasets/F3_Block/data/train/images/94.png,/data/Datasets/F3_Block/data/train/labels/94.png,94
/data/Datasets/F3_Block/data/train/images/95.png,/data/Datasets/F3_Block/data/train/labels/95.png,95
/data/Datasets/F3_Block/data/train/images/96.png,/data/Datasets/F3_Block/data/train/labels/96.png,96
/data/Datasets/F3_Block/data/train/images/97.png,/data/Datasets/F3_Block/data/train/labels/97.png,97
/data/Datasets/F3_Block/data/train/images/98.png,/data/Datasets/F3_Block/data/train/labels/98.png,98
/data/Datasets/F3_Block/data/train/images/99.png,/data/Datasets/F3_Block/data/train/labels/99.png,99
/data/Datasets/F3_Block/data/train/images/67.png,/data/Datasets/F3_Block/data/train/labels/67.png,67
/data/Datasets/F3_Block/data/train/images/670.png,/data/Datasets/F3_Block/data/train/labels/670.png,670
/data/Datasets/F3_Block/data/train/images/671.png,/data/Datasets/F3_Block/data/train/labels/671.png,671
/data/Datasets/F3_Block/data/train/images/672.png,/data/Datasets/F3_Block/data/train/labels/672.png,672
/data/Datasets/F3_Block/data/train/images/673.png,/data/Datasets/F3_Block/data/train/labels/673.png,673
/data/Datasets/F3_Block/data/train/images/674.png,/data/Datasets/F3_Block/data/train/labels/674.png,674
/data/Datasets/F3_Block/data/train/images/675.png,/data/Datasets/F3_Block/data/train/labels/675.png,675
/data/Datasets/F3_Block/data/train/images/676.png,/data/Datasets/F3_Block/data/train/labels/676.png,676
/data/Datasets/F3_Block/data/train/images/677.png,/data/Datasets/F3_Block/data/train/labels/677.png,677
/data/Datasets/F3_Block/data/train/images/678.png,/data/Datasets/F3_Block/data/train/labels/678.png,678
/data/Datasets/F3_Block/data/train/images/679.png,/data/Datasets/F3_Block/data/train/labels/679.png,679
/data/Datasets/F3_Block/data/train/images/68.png,/data/Datasets/F3_Block/data/train/labels/68.png,68
/data/Datasets/F3_Block/data/train/images/680.png,/data/Datasets/F3_Block/data/train/labels/680.png,680
/data/Datasets/F3_Block/data/train/images/681.png,/data/Datasets/F3_Block/data/train/labels/681.png,681
/data/Datasets/F3_Block/data/train/images/682.png,/data/Datasets/F3_Block/data/train/labels/682.png,682
/data/Datasets/F3_Block/data/train/images/683.png,/data/Datasets/F3_Block/data/train/labels/683.png,683
/data/Datasets/F3_Block/data/train/images/684.png,/data/Datasets/F3_Block/data/train/labels/684.png,684
/data/Datasets/F3_Block/data/train/images/685.png,/data/Datasets/F3_Block/data/train/labels/685.png,685
/data/Datasets/F3_Block/data/train/images/686.png,/data/Datasets/F3_Block/data/train/labels/686.png,686
/data/Datasets/F3_Block/data/train/images/687.png,/data/Datasets/F3_Block/data/train/labels/687.png,687
/data/Datasets/F3_Block/data/train/images/689.png,/data/Datasets/F3_Block/data/train/labels/689.png,689
/data/Datasets/F3_Block/data/train/images/69.png,/data/Datasets/F3_Block/data/train/labels/69.png,69
/data/Datasets/F3_Block/data/train/images/690.png,/data/Datasets/F3_Block/data/train/labels/690.png,690
/data/Datasets/F3_Block/data/train/images/691.png,/data/Datasets/F3_Block/data/train/labels/691.png,691
/data/Datasets/F3_Block/data/train/images/692.png,/data/Datasets/F3_Block/data/train/labels/692.png,692
/data/Datasets/F3_Block/data/train/images/693.png,/data/Datasets/F3_Block/data/train/labels/693.png,693
/data/Datasets/F3_Block/data/train/images/694.png,/data/Datasets/F3_Block/data/train/labels/694.png,694
/data/Datasets/F3_Block/data/train/images/695.png,/data/Datasets/F3_Block/data/train/labels/695.png,695
/data/Datasets/F3_Block/data/train/images/696.png,/data/Datasets/F3_Block/data/train/labels/696.png,696
/data/Datasets/F3_Block/data/train/images/697.png,/data/Datasets/F3_Block/data/train/labels/697.png,697
/data/Datasets/F3_Block/data/train/images/698.png,/data/Datasets/F3_Block/data/train/labels/698.png,698
/data/Datasets/F3_Block/data/train/images/699.png,/data/Datasets/F3_Block/data/train/labels/699.png,699
/data/Datasets/F3_Block/data/train/images/7.png,/data/Datasets/F3_Block/data/train/labels/7.png,7
/data/Datasets/F3_Block/data/train/images/70.png,/data/Datasets/F3_Block/data/train/labels/70.png,70
/data/Datasets/F3_Block/data/train/images/700.png,/data/Datasets/F3_Block/data/train/labels/700.png,700
/data/Datasets/F3_Block/data/train/images/71.png,/data/Datasets/F3_Block/data/train/labels/71.png,71
/data/Datasets/F3_Block/data/train/images/72.png,/data/Datasets/F3_Block/data/train/labels/72.png,72
/data/Datasets/F3_Block/data/train/images/73.png,/data/Datasets/F3_Block/data/train/labels/73.png,73
/data/Datasets/F3_Block/data/train/images/74.png,/data/Datasets/F3_Block/data/train/labels/74.png,74
/data/Datasets/F3_Block/data/train/images/75.png,/data/Datasets/F3_Block/data/train/labels/75.png,75
/data/Datasets/F3_Block/data/train/images/76.png,/data/Datasets/F3_Block/data/train/labels/76.png,76
/data/Datasets/F3_Block/data/train/images/77.png,/data/Datasets/F3_Block/data/train/labels/77.png,77
/data/Datasets/F3_Block/data/train/images/78.png,/data/Datasets/F3_Block/data/train/labels/78.png,78
/data/Datasets/F3_Block/data/train/images/79.png,/data/Datasets/F3_Block/data/train/labels/79.png,79
/data/Datasets/F3_Block/data/train/images/8.png,/data/Datasets/F3_Block/data/train/labels/8.png,8
